quarter_id,indicator_code,value,value_status,source_file
2005Q2,underemployment_change_qoq,,missing,psa_openstat_lfs_underemployment_0021B3FKEI2_2026-08-02_part1.csv
2005Q2,underemployment_rate,26.135,observed,psa_openstat_lfs_underemployment_0021B3FKEI2_2026-08-02_part1.csv
2005Q2,unemployment_rate,8.28,observed,psa_openstat_lfs_underemployment_0021B3FKEI2_2026-08-02_part1.csv
2005Q2,employment_rate,91.72,observed,psa_openstat_lfs_underemployment_0021B3FKEI2_2026-08-02_part1.csv
2005Q2,lfpr,64.821,observed,psa_openstat_lfs_underemployment_0021B3FKEI2_2026-08-02_part1.csv
2005Q2,underemployment_change_yoy,,missing,psa_openstat_lfs_underemployment_0021B3FKEI2_2026-08-02_part1.csv
2005Q2,gdp_growth_yoy,5.7,observed,psa_openstat_qna_gdp_growth_0062B5BPRQ2_2026-08-02.csv
2005Q2,gdp_growth_yoy_accel,0.7,derived,psa_openstat_qna_gdp_growth_0062B5BPRQ2_2026-08-02.csv
2005Q2,gdp_level,2.19537e+06,observed,psa_openstat_qna_gdp_levels_0052B5BPRQ1_2026-08-02.csv
2005Q2,gdp_growth_qoq,5.9981,derived,psa_openstat_qna_gdp_levels_0052B5BPRQ1_2026-08-02.csv
2005Q2,cpi_index,61.5523,derived,psa_openstat_cpi_index_2018_2025_0012M4ACP09_2026-08-02.csv
2005Q2,inflation_yoy,7.0669,derived,psa_openstat_cpi_index_2018_2025_0012M4ACP09_2026-08-02.csv
2005Q2,inflation_yoy_accel,-0.175,derived,psa_openstat_cpi_index_2018_2025_0012M4ACP09_2026-08-02.csv
2005Q2,growth_employment_gap,,missing,psa_openstat_qna_gdp_growth_0062B5BPRQ2_2026-08-02.csv
2005Q3,underemployment_change_qoq,-5.655,derived,psa_openstat_lfs_underemployment_0021B3FKEI2_2026-08-02_part1.csv
2005Q3,underemployment_rate,20.48,observed,psa_openstat_lfs_underemployment_0021B3FKEI2_2026-08-02_part1.csv
2005Q3,unemployment_rate,7.704,observed,psa_openstat_lfs_underemployment_0021B3FKEI2_2026-08-02_part1.csv
2005Q3,employment_rate,92.296,observed,psa_openstat_lfs_underemployment_0021B3FKEI2_2026-08-02_part1.csv
2005Q3,lfpr,64.556,observed,psa_openstat_lfs_underemployment_0021B3FKEI2_2026-08-02_part1.csv
2005Q3,underemployment_change_yoy,,missing,psa_openstat_lfs_underemployment_0021B3FKEI2_2026-08-02_part1.csv
2005Q3,gdp_growth_yoy,4.4,observed,psa_openstat_qna_gdp_growth_0062B5BPRQ2_2026-08-02.csv
2005Q3,gdp_growth_yoy_accel,-1.3,derived,psa_openstat_qna_gdp_growth_0062B5BPRQ2_2026-08-02.csv
2005Q3,gdp_level,2.11798e+06,observed,psa_openstat_qna_gdp_levels_0052B5BPRQ1_2026-08-02.csv
2005Q3,gdp_growth_qoq,-3.5249,derived,psa_openstat_qna_gdp_levels_0052B5BPRQ1_2026-08-02.csv
2005Q3,cpi_index,62.6663,derived,psa_openstat_cpi_index_2018_2025_0012M4ACP09_2026-08-02.csv
2005Q3,inflation_yoy,6.0237,derived,psa_openstat_cpi_index_2018_2025_0012M4ACP09_2026-08-02.csv
2005Q3,inflation_yoy_accel,-1.0432,derived,psa_openstat_cpi_index_2018_2025_0012M4ACP09_2026-08-02.csv
2005Q3,growth_employment_gap,,missing,psa_openstat_qna_gdp_growth_0062B5BPRQ2_2026-08-02.csv
2005Q4,underemployment_change_qoq,0.698,derived,psa_openstat_lfs_underemployment_0021B3FKEI2_2026-08-02_part1.csv
2005Q4,underemployment_rate,21.178,observed,psa_openstat_lfs_underemployment_0021B3FKEI2_2026-08-02_part1.csv
2005Q4,unemployment_rate,7.378,observed,psa_openstat_lfs_underemployment_0021B3FKEI2_2026-08-02_part1.csv
2005Q4,employment_rate,92.622,observed,psa_openstat_lfs_underemployment_0021B3FKEI2_2026-08-02_part1.csv
2005Q4,lfpr,64.772,observed,psa_openstat_lfs_underemployment_0021B3FKEI2_2026-08-02_part1.csv
2005Q4,underemployment_change_yoy,,missing,psa_openstat_lfs_underemployment_0021B3FKEI2_2026-08-02_part1.csv
2005Q4,gdp_growth_yoy,4.7,observed,psa_openstat_qna_gdp_growth_0062B5BPRQ2_2026-08-02.csv
2005Q4,gdp_growth_yoy_accel,0.3,derived,psa_openstat_qna_gdp_growth_0062B5BPRQ2_2026-08-02.csv
2005Q4,gdp_level,2.38983e+06,observed,psa_openstat_qna_gdp_levels_0052B5BPRQ1_2026-08-02.csv
2005Q4,gdp_growth_qoq,12.8351,derived,psa_openstat_qna_gdp_levels_0052B5BPRQ1_2026-08-02.csv
2005Q4,cpi_index,63.4963,derived,psa_openstat_cpi_index_2018_2025_0012M4ACP09_2026-08-02.csv
2005Q4,inflation_yoy,6.0949,derived,psa_openstat_cpi_index_2018_2025_0012M4ACP09_2026-08-02.csv
2005Q4,inflation_yoy_accel,0.0712,derived,psa_openstat_cpi_index_2018_2025_0012M4ACP09_2026-08-02.csv
2005Q4,growth_employment_gap,,missing,psa_openstat_qna_gdp_growth_0062B5BPRQ2_2026-08-02.csv
2006Q1,underemployment_change_qoq,-0.031,derived,psa_openstat_lfs_underemployment_0021B3FKEI2_2026-08-02_part1.csv
2006Q1,underemployment_rate,21.147,observed,psa_openstat_lfs_underemployment_0021B3FKEI2_2026-08-02_part1.csv
2006Q1,unemployment_rate,8.137,observed,psa_openstat_lfs_underemployment_0021B3FKEI2_2026-08-02_part1.csv
2006Q1,employment_rate,91.863,observed,psa_openstat_lfs_underemployment_0021B3FKEI2_2026-08-02_part1.csv
2006Q1,lfpr,63.595,observed,psa_openstat_lfs_underemployment_0021B3FKEI2_2026-08-02_part1.csv
2006Q1,underemployment_change_yoy,,missing,psa_openstat_lfs_underemployment_0021B3FKEI2_2026-08-02_part1.csv
2006Q1,gdp_growth_yoy,4.5,observed,psa_openstat_qna_gdp_growth_0062B5BPRQ2_2026-08-02.csv
2006Q1,gdp_growth_yoy_accel,-0.2,derived,psa_openstat_qna_gdp_growth_0062B5BPRQ2_2026-08-02.csv
2006Q1,gdp_level,2.16438e+06,observed,psa_openstat_qna_gdp_levels_0052B5BPRQ1_2026-08-02.csv
2006Q1,gdp_growth_qoq,-9.4337,derived,psa_openstat_qna_gdp_levels_0052B5BPRQ1_2026-08-02.csv
2006Q1,cpi_index,64.654,derived,psa_openstat_cpi_index_2018_2025_0012M4ACP09_2026-08-02.csv
2006Q1,inflation_yoy,6.3218,derived,psa_openstat_cpi_index_2018_2025_0012M4ACP09_2026-08-02.csv
2006Q1,inflation_yoy_accel,0.2269,derived,psa_openstat_cpi_index_2018_2025_0012M4ACP09_2026-08-02.csv
2006Q1,growth_employment_gap,,missing,psa_openstat_qna_gdp_growth_0062B5BPRQ2_2026-08-02.csv
2006Q2,underemployment_change_qoq,4.262,derived,psa_openstat_lfs_underemployment_0021B3FKEI2_2026-08-02_part1.csv
2006Q2,underemployment_rate,25.409,observed,psa_openstat_lfs_underemployment_0021B3FKEI2_2026-08-02_part1.csv
2006Q2,unemployment_rate,8.235,observed,psa_openstat_lfs_underemployment_0021B3FKEI2_2026-08-02_part1.csv
2006Q2,employment_rate,91.765,observed,psa_openstat_lfs_underemployment_0021B3FKEI2_2026-08-02_part1.csv
2006Q2,lfpr,64.817,observed,psa_openstat_lfs_underemployment_0021B3FKEI2_2026-08-02_part1.csv
2006Q2,underemployment_change_yoy,-0.726,derived,psa_openstat_lfs_underemployment_0021B3FKEI2_2026-08-02_part1.csv
2006Q2,gdp_growth_yoy,5.9,observed,psa_openstat_qna_gdp_growth_0062B5BPRQ2_2026-08-02.csv
2006Q2,gdp_growth_yoy_accel,1.4,derived,psa_openstat_qna_gdp_growth_0062B5BPRQ2_2026-08-02.csv
2006Q2,gdp_level,2.32531e+06,observed,psa_openstat_qna_gdp_levels_0052B5BPRQ1_2026-08-02.csv
2006Q2,gdp_growth_qoq,7.4355,derived,psa_openstat_qna_gdp_levels_0052B5BPRQ1_2026-08-02.csv
2006Q2,cpi_index,65.2874,derived,psa_openstat_cpi_index_2018_2025_0012M4ACP09_2026-08-02.csv
2006Q2,inflation_yoy,6.0681,derived,psa_openstat_cpi_index_2018_2025_0012M4ACP09_2026-08-02.csv
2006Q2,inflation_yoy_accel,-0.2537,derived,psa_openstat_cpi_index_2018_2025_0012M4ACP09_2026-08-02.csv
2006Q2,growth_employment_gap,5.174,derived,psa_openstat_qna_gdp_growth_0062B5BPRQ2_2026-08-02.csv
2006Q3,underemployment_change_qoq,-1.969,derived,psa_openstat_lfs_underemployment_0021B3FKEI2_2026-08-02_part1.csv
2006Q3,underemployment_rate,23.44,observed,psa_openstat_lfs_underemployment_0021B3FKEI2_2026-08-02_part1.csv
2006Q3,unemployment_rate,8.141,observed,psa_openstat_lfs_underemployment_0021B3FKEI2_2026-08-02_part1.csv
2006Q3,employment_rate,91.859,observed,psa_openstat_lfs_underemployment_0021B3FKEI2_2026-08-02_part1.csv
2006Q3,lfpr,64.613,observed,psa_openstat_lfs_underemployment_0021B3FKEI2_2026-08-02_part1.csv
2006Q3,underemployment_change_yoy,2.96,derived,psa_openstat_lfs_underemployment_0021B3FKEI2_2026-08-02_part1.csv
2006Q3,gdp_growth_yoy,4.7,observed,psa_openstat_qna_gdp_growth_0062B5BPRQ2_2026-08-02.csv
2006Q3,gdp_growth_yoy_accel,-1.2,derived,psa_openstat_qna_gdp_growth_0062B5BPRQ2_2026-08-02.csv
2006Q3,gdp_level,2.21759e+06,observed,psa_openstat_qna_gdp_levels_0052B5BPRQ1_2026-08-02.csv
2006Q3,gdp_growth_qoq,-4.6325,derived,psa_openstat_qna_gdp_levels_0052B5BPRQ1_2026-08-02.csv
2006Q3,cpi_index,65.9208,derived,psa_openstat_cpi_index_2018_2025_0012M4ACP09_2026-08-02.csv
2006Q3,inflation_yoy,5.1934,derived,psa_openstat_cpi_index_2018_2025_0012M4ACP09_2026-08-02.csv
2006Q3,inflation_yoy_accel,-0.8747,derived,psa_openstat_cpi_index_2018_2025_0012M4ACP09_2026-08-02.csv
2006Q3,growth_employment_gap,7.66,derived,psa_openstat_qna_gdp_growth_0062B5BPRQ2_2026-08-02.csv
2006Q4,underemployment_change_qoq,-3.125,derived,psa_openstat_lfs_underemployment_0021B3FKEI2_2026-08-02_part1.csv
2006Q4,underemployment_rate,20.315,observed,psa_openstat_lfs_underemployment_0021B3FKEI2_2026-08-02_part1.csv
2006Q4,unemployment_rate,7.392,observed,psa_openstat_lfs_underemployment_0021B3FKEI2_2026-08-02_part1.csv
2006Q4,employment_rate,92.608,observed,psa_openstat_lfs_underemployment_0021B3FKEI2_2026-08-02_part1.csv
2006Q4,lfpr,63.824,observed,psa_openstat_lfs_underemployment_0021B3FKEI2_2026-08-02_part1.csv
2006Q4,underemployment_change_yoy,-0.863,derived,psa_openstat_lfs_underemployment_0021B3FKEI2_2026-08-02_part1.csv
2006Q4,gdp_growth_yoy,6,observed,psa_openstat_qna_gdp_growth_0062B5BPRQ2_2026-08-02.csv
2006Q4,gdp_growth_yoy_accel,1.3,derived,psa_openstat_qna_gdp_growth_0062B5BPRQ2_2026-08-02.csv
2006Q4,gdp_level,2.53352e+06,observed,psa_openstat_qna_gdp_levels_0052B5BPRQ1_2026-08-02.csv
2006Q4,gdp_growth_qoq,14.2462,derived,psa_openstat_qna_gdp_levels_0052B5BPRQ1_2026-08-02.csv
2006Q4,cpi_index,66.2485,derived,psa_openstat_cpi_index_2018_2025_0012M4ACP09_2026-08-02.csv
2006Q4,inflation_yoy,4.3344,derived,psa_openstat_cpi_index_2018_2025_0012M4ACP09_2026-08-02.csv
2006Q4,inflation_yoy_accel,-0.8591,derived,psa_openstat_cpi_index_2018_2025_0012M4ACP09_2026-08-02.csv
2006Q4,growth_employment_gap,5.137,derived,psa_openstat_qna_gdp_growth_0062B5BPRQ2_2026-08-02.csv
2007Q1,underemployment_change_qoq,1.19,derived,psa_openstat_lfs_underemployment_0021B3FKEI2_2026-08-02_part1.csv
2007Q1,underemployment_rate,21.505,observed,psa_openstat_lfs_underemployment_0021B3FKEI2_2026-08-02_part1.csv
2007Q1,unemployment_rate,7.83,observed,psa_openstat_lfs_underemployment_0021B3FKEI2_2026-08-02_part1.csv
2007Q1,employment_rate,92.17,observed,psa_openstat_lfs_underemployment_0021B3FKEI2_2026-08-02_part1.csv
2007Q1,lfpr,64.824,observed,psa_openstat_lfs_underemployment_0021B3FKEI2_2026-08-02_part1.csv
2007Q1,underemployment_change_yoy,0.358,derived,psa_openstat_lfs_underemployment_0021B3FKEI2_2026-08-02_part1.csv
2007Q1,gdp_growth_yoy,6.2,observed,psa_openstat_qna_gdp_growth_0062B5BPRQ2_2026-08-02.csv
2007Q1,gdp_growth_yoy_accel,0.2,derived,psa_openstat_qna_gdp_growth_0062B5BPRQ2_2026-08-02.csv
2007Q1,gdp_level,2.2978e+06,observed,psa_openstat_qna_gdp_levels_0052B5BPRQ1_2026-08-02.csv
2007Q1,gdp_growth_qoq,-9.304,derived,psa_openstat_qna_gdp_levels_0052B5BPRQ1_2026-08-02.csv
2007Q1,cpi_index,66.6635,derived,psa_openstat_cpi_index_2018_2025_0012M4ACP09_2026-08-02.csv
2007Q1,inflation_yoy,3.1081,derived,psa_openstat_cpi_index_2018_2025_0012M4ACP09_2026-08-02.csv
2007Q1,inflation_yoy_accel,-1.2263,derived,psa_openstat_cpi_index_2018_2025_0012M4ACP09_2026-08-02.csv
2007Q1,growth_employment_gap,6.558,derived,psa_openstat_qna_gdp_growth_0062B5BPRQ2_2026-08-02.csv
2007Q2,underemployment_change_qoq,-2.581,derived,psa_openstat_lfs_underemployment_0021B3FKEI2_2026-08-02_part1.csv
2007Q2,underemployment_rate,18.924,observed,psa_openstat_lfs_underemployment_0021B3FKEI2_2026-08-02_part1.csv
2007Q2,unemployment_rate,7.396,observed,psa_openstat_lfs_underemployment_0021B3FKEI2_2026-08-02_part1.csv
2007Q2,employment_rate,92.604,observed,psa_openstat_lfs_underemployment_0021B3FKEI2_2026-08-02_part1.csv
2007Q2,lfpr,64.519,observed,psa_openstat_lfs_underemployment_0021B3FKEI2_2026-08-02_part1.csv
2007Q2,underemployment_change_yoy,-6.485,derived,psa_openstat_lfs_underemployment_0021B3FKEI2_2026-08-02_part1.csv
2007Q2,gdp_growth_yoy,6.8,observed,psa_openstat_qna_gdp_growth_0062B5BPRQ2_2026-08-02.csv
2007Q2,gdp_growth_yoy_accel,0.6,derived,psa_openstat_qna_gdp_growth_0062B5BPRQ2_2026-08-02.csv
2007Q2,gdp_level,2.48442e+06,observed,psa_openstat_qna_gdp_levels_0052B5BPRQ1_2026-08-02.csv
2007Q2,gdp_growth_qoq,8.1217,derived,psa_openstat_qna_gdp_levels_0052B5BPRQ1_2026-08-02.csv
2007Q2,cpi_index,67.013,derived,psa_openstat_cpi_index_2018_2025_0012M4ACP09_2026-08-02.csv
2007Q2,inflation_yoy,2.643,derived,psa_openstat_cpi_index_2018_2025_0012M4ACP09_2026-08-02.csv
2007Q2,inflation_yoy_accel,-0.4651,derived,psa_openstat_cpi_index_2018_2025_0012M4ACP09_2026-08-02.csv
2007Q2,growth_employment_gap,0.315,derived,psa_openstat_qna_gdp_growth_0062B5BPRQ2_2026-08-02.csv
2007Q3,underemployment_change_qoq,3.067,derived,psa_openstat_lfs_underemployment_0021B3FKEI2_2026-08-02_part1.csv
2007Q3,underemployment_rate,21.991,observed,psa_openstat_lfs_underemployment_0021B3FKEI2_2026-08-02_part1.csv
2007Q3,unemployment_rate,7.814,observed,psa_openstat_lfs_underemployment_0021B3FKEI2_2026-08-02_part1.csv
2007Q3,employment_rate,92.186,observed,psa_openstat_lfs_underemployment_0021B3FKEI2_2026-08-02_part1.csv
2007Q3,lfpr,63.567,observed,psa_openstat_lfs_underemployment_0021B3FKEI2_2026-08-02_part1.csv
2007Q3,underemployment_change_yoy,-1.449,derived,psa_openstat_lfs_underemployment_0021B3FKEI2_2026-08-02_part1.csv
2007Q3,gdp_growth_yoy,6.5,observed,psa_openstat_qna_gdp_growth_0062B5BPRQ2_2026-08-02.csv
2007Q3,gdp_growth_yoy_accel,-0.3,derived,psa_openstat_qna_gdp_growth_0062B5BPRQ2_2026-08-02.csv
2007Q3,gdp_level,2.36277e+06,observed,psa_openstat_qna_gdp_levels_0052B5BPRQ1_2026-08-02.csv
2007Q3,gdp_growth_qoq,-4.8963,derived,psa_openstat_qna_gdp_levels_0052B5BPRQ1_2026-08-02.csv
2007Q3,cpi_index,67.7774,derived,psa_openstat_cpi_index_2018_2025_0012M4ACP09_2026-08-02.csv
2007Q3,inflation_yoy,2.8164,derived,psa_openstat_cpi_index_2018_2025_0012M4ACP09_2026-08-02.csv
2007Q3,inflation_yoy_accel,0.1734,derived,psa_openstat_cpi_index_2018_2025_0012M4ACP09_2026-08-02.csv
2007Q3,growth_employment_gap,5.051,derived,psa_openstat_qna_gdp_growth_0062B5BPRQ2_2026-08-02.csv
2007Q4,underemployment_change_qoq,-3.848,derived,psa_openstat_lfs_underemployment_0021B3FKEI2_2026-08-02_part1.csv
2007Q4,underemployment_rate,18.143,observed,psa_openstat_lfs_underemployment_0021B3FKEI2_2026-08-02_part1.csv
2007Q4,unemployment_rate,6.252,observed,psa_openstat_lfs_underemployment_0021B3FKEI2_2026-08-02_part1.csv
2007Q4,employment_rate,93.748,observed,psa_openstat_lfs_underemployment_0021B3FKEI2_2026-08-02_part1.csv
2007Q4,lfpr,63.185,observed,psa_openstat_lfs_underemployment_0021B3FKEI2_2026-08-02_part1.csv
2007Q4,underemployment_change_yoy,-2.172,derived,psa_openstat_lfs_underemployment_0021B3FKEI2_2026-08-02_part1.csv
2007Q4,gdp_growth_yoy,6.5,observed,psa_openstat_qna_gdp_growth_0062B5BPRQ2_2026-08-02.csv
2007Q4,gdp_growth_yoy_accel,0,derived,psa_openstat_qna_gdp_growth_0062B5BPRQ2_2026-08-02.csv
2007Q4,gdp_level,2.69825e+06,observed,psa_openstat_qna_gdp_levels_0052B5BPRQ1_2026-08-02.csv
2007Q4,gdp_growth_qoq,14.1985,derived,psa_openstat_qna_gdp_levels_0052B5BPRQ1_2026-08-02.csv
2007Q4,cpi_index,68.3672,derived,psa_openstat_cpi_index_2018_2025_0012M4ACP09_2026-08-02.csv
2007Q4,inflation_yoy,3.1982,derived,psa_openstat_cpi_index_2018_2025_0012M4ACP09_2026-08-02.csv
2007Q4,inflation_yoy_accel,0.3817,derived,psa_openstat_cpi_index_2018_2025_0012M4ACP09_2026-08-02.csv
2007Q4,growth_employment_gap,4.328,derived,psa_openstat_qna_gdp_growth_0062B5BPRQ2_2026-08-02.csv
2008Q1,underemployment_change_qoq,0.757,derived,psa_openstat_lfs_underemployment_0021B3FKEI2_2026-08-02_part1.csv
2008Q1,underemployment_rate,18.9,observed,psa_openstat_lfs_underemployment_0021B3FKEI2_2026-08-02_part1.csv
2008Q1,unemployment_rate,7.357,observed,psa_openstat_lfs_underemployment_0021B3FKEI2_2026-08-02_part1.csv
2008Q1,employment_rate,92.643,observed,psa_openstat_lfs_underemployment_0021B3FKEI2_2026-08-02_part1.csv
2008Q1,lfpr,63.37,observed,psa_openstat_lfs_underemployment_0021B3FKEI2_2026-08-02_part1.csv
2008Q1,underemployment_change_yoy,-2.605,derived,psa_openstat_lfs_underemployment_0021B3FKEI2_2026-08-02_part1.csv
2008Q1,gdp_growth_yoy,4.2,observed,psa_openstat_qna_gdp_growth_0062B5BPRQ2_2026-08-02.csv
2008Q1,gdp_growth_yoy_accel,-2.3,derived,psa_openstat_qna_gdp_growth_0062B5BPRQ2_2026-08-02.csv
2008Q1,gdp_level,2.39361e+06,observed,psa_openstat_qna_gdp_levels_0052B5BPRQ1_2026-08-02.csv
2008Q1,gdp_growth_qoq,-11.2905,derived,psa_openstat_qna_gdp_levels_0052B5BPRQ1_2026-08-02.csv
2008Q1,cpi_index,70.1364,derived,psa_openstat_cpi_index_2018_2025_0012M4ACP09_2026-08-02.csv
2008Q1,inflation_yoy,5.2097,derived,psa_openstat_cpi_index_2018_2025_0012M4ACP09_2026-08-02.csv
2008Q1,inflation_yoy_accel,2.0115,derived,psa_openstat_cpi_index_2018_2025_0012M4ACP09_2026-08-02.csv
2008Q1,growth_employment_gap,1.595,derived,psa_openstat_qna_gdp_growth_0062B5BPRQ2_2026-08-02.csv
2008Q2,underemployment_change_qoq,0.855,derived,psa_openstat_lfs_underemployment_0021B3FKEI2_2026-08-02_part1.csv
2008Q2,underemployment_rate,19.755,observed,psa_openstat_lfs_underemployment_0021B3FKEI2_2026-08-02_part1.csv
2008Q2,unemployment_rate,7.995,observed,psa_openstat_lfs_underemployment_0021B3FKEI2_2026-08-02_part1.csv
2008Q2,employment_rate,92.005,observed,psa_openstat_lfs_underemployment_0021B3FKEI2_2026-08-02_part1.csv
2008Q2,lfpr,63.171,observed,psa_openstat_lfs_underemployment_0021B3FKEI2_2026-08-02_part1.csv
2008Q2,underemployment_change_yoy,0.831,derived,psa_openstat_lfs_underemployment_0021B3FKEI2_2026-08-02_part1.csv
2008Q2,gdp_growth_yoy,4.8,observed,psa_openstat_qna_gdp_growth_0062B5BPRQ2_2026-08-02.csv
2008Q2,gdp_growth_yoy_accel,0.6,derived,psa_openstat_qna_gdp_growth_0062B5BPRQ2_2026-08-02.csv
2008Q2,gdp_level,2.603e+06,observed,psa_openstat_qna_gdp_levels_0052B5BPRQ1_2026-08-02.csv
2008Q2,gdp_growth_qoq,8.748,derived,psa_openstat_qna_gdp_levels_0052B5BPRQ1_2026-08-02.csv
2008Q2,cpi_index,72.5828,derived,psa_openstat_cpi_index_2018_2025_0012M4ACP09_2026-08-02.csv
2008Q2,inflation_yoy,8.3116,derived,psa_openstat_cpi_index_2018_2025_0012M4ACP09_2026-08-02.csv
2008Q2,inflation_yoy_accel,3.1019,derived,psa_openstat_cpi_index_2018_2025_0012M4ACP09_2026-08-02.csv
2008Q2,growth_employment_gap,5.631,derived,psa_openstat_qna_gdp_growth_0062B5BPRQ2_2026-08-02.csv
2008Q3,underemployment_change_qoq,1.328,derived,psa_openstat_lfs_underemployment_0021B3FKEI2_2026-08-02_part1.csv
2008Q3,underemployment_rate,21.083,observed,psa_openstat_lfs_underemployment_0021B3FKEI2_2026-08-02_part1.csv
2008Q3,unemployment_rate,7.363,observed,psa_openstat_lfs_underemployment_0021B3FKEI2_2026-08-02_part1.csv
2008Q3,employment_rate,92.637,observed,psa_openstat_lfs_underemployment_0021B3FKEI2_2026-08-02_part1.csv
2008Q3,lfpr,64.252,observed,psa_openstat_lfs_underemployment_0021B3FKEI2_2026-08-02_part1.csv
2008Q3,underemployment_change_yoy,-0.908,derived,psa_openstat_lfs_underemployment_0021B3FKEI2_2026-08-02_part1.csv
2008Q3,gdp_growth_yoy,5.4,observed,psa_openstat_qna_gdp_growth_0062B5BPRQ2_2026-08-02.csv
2008Q3,gdp_growth_yoy_accel,0.6,derived,psa_openstat_qna_gdp_growth_0062B5BPRQ2_2026-08-02.csv
2008Q3,gdp_level,2.4912e+06,observed,psa_openstat_qna_gdp_levels_0052B5BPRQ1_2026-08-02.csv
2008Q3,gdp_growth_qoq,-4.2952,derived,psa_openstat_qna_gdp_levels_0052B5BPRQ1_2026-08-02.csv
2008Q3,cpi_index,74.7452,derived,psa_openstat_cpi_index_2018_2025_0012M4ACP09_2026-08-02.csv
2008Q3,inflation_yoy,10.2804,derived,psa_openstat_cpi_index_2018_2025_0012M4ACP09_2026-08-02.csv
2008Q3,inflation_yoy_accel,1.9688,derived,psa_openstat_cpi_index_2018_2025_0012M4ACP09_2026-08-02.csv
2008Q3,growth_employment_gap,4.492,derived,psa_openstat_qna_gdp_growth_0062B5BPRQ2_2026-08-02.csv
2008Q4,underemployment_change_qoq,-3.625,derived,psa_openstat_lfs_underemployment_0021B3FKEI2_2026-08-02_part1.csv
2008Q4,underemployment_rate,17.458,observed,psa_openstat_lfs_underemployment_0021B3FKEI2_2026-08-02_part1.csv
2008Q4,unemployment_rate,6.814,observed,psa_openstat_lfs_underemployment_0021B3FKEI2_2026-08-02_part1.csv
2008Q4,employment_rate,93.186,observed,psa_openstat_lfs_underemployment_0021B3FKEI2_2026-08-02_part1.csv
2008Q4,lfpr,63.694,observed,psa_openstat_lfs_underemployment_0021B3FKEI2_2026-08-02_part1.csv
2008Q4,underemployment_change_yoy,-0.685,derived,psa_openstat_lfs_underemployment_0021B3FKEI2_2026-08-02_part1.csv
2008Q4,gdp_growth_yoy,3.1,observed,psa_openstat_qna_gdp_growth_0062B5BPRQ2_2026-08-02.csv
2008Q4,gdp_growth_yoy_accel,-2.3,derived,psa_openstat_qna_gdp_growth_0062B5BPRQ2_2026-08-02.csv
2008Q4,gdp_level,2.78308e+06,observed,psa_openstat_qna_gdp_levels_0052B5BPRQ1_2026-08-02.csv
2008Q4,gdp_growth_qoq,11.7164,derived,psa_openstat_qna_gdp_levels_0052B5BPRQ1_2026-08-02.csv
2008Q4,cpi_index,74.4394,derived,psa_openstat_cpi_index_2018_2025_0012M4ACP09_2026-08-02.csv
2008Q4,inflation_yoy,8.8818,derived,psa_openstat_cpi_index_2018_2025_0012M4ACP09_2026-08-02.csv
2008Q4,inflation_yoy_accel,-1.3986,derived,psa_openstat_cpi_index_2018_2025_0012M4ACP09_2026-08-02.csv
2008Q4,growth_employment_gap,2.415,derived,psa_openstat_qna_gdp_growth_0062B5BPRQ2_2026-08-02.csv
2009Q1,underemployment_change_qoq,0.749,derived,psa_openstat_lfs_underemployment_0021B3FKEI2_2026-08-02_part1.csv
2009Q1,underemployment_rate,18.207,observed,psa_openstat_lfs_underemployment_0021B3FKEI2_2026-08-02_part1.csv
2009Q1,unemployment_rate,7.691,observed,psa_openstat_lfs_underemployment_0021B3FKEI2_2026-08-02_part1.csv
2009Q1,employment_rate,92.309,observed,psa_openstat_lfs_underemployment_0021B3FKEI2_2026-08-02_part1.csv
2009Q1,lfpr,63.277,observed,psa_openstat_lfs_underemployment_0021B3FKEI2_2026-08-02_part1.csv
2009Q1,underemployment_change_yoy,-0.693,derived,psa_openstat_lfs_underemployment_0021B3FKEI2_2026-08-02_part1.csv
2009Q1,gdp_growth_yoy,1.1,observed,psa_openstat_qna_gdp_growth_0062B5BPRQ2_2026-08-02.csv
2009Q1,gdp_growth_yoy_accel,-2,derived,psa_openstat_qna_gdp_growth_0062B5BPRQ2_2026-08-02.csv
2009Q1,gdp_level,2.42035e+06,observed,psa_openstat_qna_gdp_levels_0052B5BPRQ1_2026-08-02.csv
2009Q1,gdp_growth_qoq,-13.0332,derived,psa_openstat_qna_gdp_levels_0052B5BPRQ1_2026-08-02.csv
2009Q1,cpi_index,75.0292,derived,psa_openstat_cpi_index_2018_2025_0012M4ACP09_2026-08-02.csv
2009Q1,inflation_yoy,6.976,derived,psa_openstat_cpi_index_2018_2025_0012M4ACP09_2026-08-02.csv
2009Q1,inflation_yoy_accel,-1.9058,derived,psa_openstat_cpi_index_2018_2025_0012M4ACP09_2026-08-02.csv
2009Q1,growth_employment_gap,0.407,derived,psa_openstat_qna_gdp_growth_0062B5BPRQ2_2026-08-02.csv
2009Q2,underemployment_change_qoq,0.711,derived,psa_openstat_lfs_underemployment_0021B3FKEI2_2026-08-02_part1.csv
2009Q2,underemployment_rate,18.918,observed,psa_openstat_lfs_underemployment_0021B3FKEI2_2026-08-02_part1.csv
2009Q2,unemployment_rate,7.475,observed,psa_openstat_lfs_underemployment_0021B3FKEI2_2026-08-02_part1.csv
2009Q2,employment_rate,92.525,observed,psa_openstat_lfs_underemployment_0021B3FKEI2_2026-08-02_part1.csv
2009Q2,lfpr,64.028,observed,psa_openstat_lfs_underemployment_0021B3FKEI2_2026-08-02_part1.csv
2009Q2,underemployment_change_yoy,-0.837,derived,psa_openstat_lfs_underemployment_0021B3FKEI2_2026-08-02_part1.csv
2009Q2,gdp_growth_yoy,1.9,observed,psa_openstat_qna_gdp_growth_0062B5BPRQ2_2026-08-02.csv
2009Q2,gdp_growth_yoy_accel,0.8,derived,psa_openstat_qna_gdp_growth_0062B5BPRQ2_2026-08-02.csv
2009Q2,gdp_level,2.65225e+06,observed,psa_openstat_qna_gdp_levels_0052B5BPRQ1_2026-08-02.csv
2009Q2,gdp_growth_qoq,9.5813,derived,psa_openstat_qna_gdp_levels_0052B5BPRQ1_2026-08-02.csv
2009Q2,cpi_index,75.75,derived,psa_openstat_cpi_index_2018_2025_0012M4ACP09_2026-08-02.csv
2009Q2,inflation_yoy,4.3635,derived,psa_openstat_cpi_index_2018_2025_0012M4ACP09_2026-08-02.csv
2009Q2,inflation_yoy_accel,-2.6125,derived,psa_openstat_cpi_index_2018_2025_0012M4ACP09_2026-08-02.csv
2009Q2,growth_employment_gap,1.063,derived,psa_openstat_qna_gdp_growth_0062B5BPRQ2_2026-08-02.csv
2009Q3,underemployment_change_qoq,0.895,derived,psa_openstat_lfs_underemployment_0021B3FKEI2_2026-08-02_part1.csv
2009Q3,underemployment_rate,19.813,observed,psa_openstat_lfs_underemployment_0021B3FKEI2_2026-08-02_part1.csv
2009Q3,unemployment_rate,7.604,observed,psa_openstat_lfs_underemployment_0021B3FKEI2_2026-08-02_part1.csv
2009Q3,employment_rate,92.396,observed,psa_openstat_lfs_underemployment_0021B3FKEI2_2026-08-02_part1.csv
2009Q3,lfpr,64.586,observed,psa_openstat_lfs_underemployment_0021B3FKEI2_2026-08-02_part1.csv
2009Q3,underemployment_change_yoy,-1.27,derived,psa_openstat_lfs_underemployment_0021B3FKEI2_2026-08-02_part1.csv
2009Q3,gdp_growth_yoy,0.9,observed,psa_openstat_qna_gdp_growth_0062B5BPRQ2_2026-08-02.csv
2009Q3,gdp_growth_yoy_accel,-1,derived,psa_openstat_qna_gdp_growth_0062B5BPRQ2_2026-08-02.csv
2009Q3,gdp_level,2.51431e+06,observed,psa_openstat_qna_gdp_levels_0052B5BPRQ1_2026-08-02.csv
2009Q3,gdp_growth_qoq,-5.2009,derived,psa_openstat_qna_gdp_levels_0052B5BPRQ1_2026-08-02.csv
2009Q3,cpi_index,76.296,derived,psa_openstat_cpi_index_2018_2025_0012M4ACP09_2026-08-02.csv
2009Q3,inflation_yoy,2.0748,derived,psa_openstat_cpi_index_2018_2025_0012M4ACP09_2026-08-02.csv
2009Q3,inflation_yoy_accel,-2.2887,derived,psa_openstat_cpi_index_2018_2025_0012M4ACP09_2026-08-02.csv
2009Q3,growth_employment_gap,-0.37,derived,psa_openstat_qna_gdp_growth_0062B5BPRQ2_2026-08-02.csv
2009Q4,underemployment_change_qoq,-0.433,derived,psa_openstat_lfs_underemployment_0021B3FKEI2_2026-08-02_part1.csv
2009Q4,underemployment_rate,19.38,observed,psa_openstat_lfs_underemployment_0021B3FKEI2_2026-08-02_part1.csv
2009Q4,unemployment_rate,7.12,observed,psa_openstat_lfs_underemployment_0021B3FKEI2_2026-08-02_part1.csv
2009Q4,employment_rate,92.88,observed,psa_openstat_lfs_underemployment_0021B3FKEI2_2026-08-02_part1.csv
2009Q4,lfpr,63.976,observed,psa_openstat_lfs_underemployment_0021B3FKEI2_2026-08-02_part1.csv
2009Q4,underemployment_change_yoy,1.922,derived,psa_openstat_lfs_underemployment_0021B3FKEI2_2026-08-02_part1.csv
2009Q4,gdp_growth_yoy,1.8,observed,psa_openstat_qna_gdp_growth_0062B5BPRQ2_2026-08-02.csv
2009Q4,gdp_growth_yoy_accel,0.9,derived,psa_openstat_qna_gdp_growth_0062B5BPRQ2_2026-08-02.csv
2009Q4,gdp_level,2.83272e+06,observed,psa_openstat_qna_gdp_levels_0052B5BPRQ1_2026-08-02.csv
2009Q4,gdp_growth_qoq,12.6639,derived,psa_openstat_qna_gdp_levels_0052B5BPRQ1_2026-08-02.csv
2009Q4,cpi_index,77.1261,derived,psa_openstat_cpi_index_2018_2025_0012M4ACP09_2026-08-02.csv
2009Q4,inflation_yoy,3.6092,derived,psa_openstat_cpi_index_2018_2025_0012M4ACP09_2026-08-02.csv
2009Q4,inflation_yoy_accel,1.5343,derived,psa_openstat_cpi_index_2018_2025_0012M4ACP09_2026-08-02.csv
2009Q4,growth_employment_gap,3.722,derived,psa_openstat_qna_gdp_growth_0062B5BPRQ2_2026-08-02.csv
2010Q1,underemployment_change_qoq,0.362,derived,psa_openstat_lfs_underemployment_0021B3FKEI2_2026-08-02_part1.csv
2010Q1,underemployment_rate,19.742,observed,psa_openstat_lfs_underemployment_0021B3FKEI2_2026-08-02_part1.csv
2010Q1,unemployment_rate,7.282,observed,psa_openstat_lfs_underemployment_0021B3FKEI2_2026-08-02_part1.csv
2010Q1,employment_rate,92.718,observed,psa_openstat_lfs_underemployment_0021B3FKEI2_2026-08-02_part1.csv
2010Q1,lfpr,64.49,observed,psa_openstat_lfs_underemployment_0021B3FKEI2_2026-08-02_part1.csv
2010Q1,underemployment_change_yoy,1.535,derived,psa_openstat_lfs_underemployment_0021B3FKEI2_2026-08-02_part1.csv
2010Q1,gdp_growth_yoy,8.1,observed,psa_openstat_qna_gdp_growth_0062B5BPRQ2_2026-08-02.csv
2010Q1,gdp_growth_yoy_accel,6.3,derived,psa_openstat_qna_gdp_growth_0062B5BPRQ2_2026-08-02.csv
2010Q1,gdp_level,2.61689e+06,observed,psa_openstat_qna_gdp_levels_0052B5BPRQ1_2026-08-02.csv
2010Q1,gdp_growth_qoq,-7.6192,derived,psa_openstat_qna_gdp_levels_0052B5BPRQ1_2026-08-02.csv
2010Q1,cpi_index,77.9561,derived,psa_openstat_cpi_index_2018_2025_0012M4ACP09_2026-08-02.csv
2010Q1,inflation_yoy,3.901,derived,psa_openstat_cpi_index_2018_2025_0012M4ACP09_2026-08-02.csv
2010Q1,inflation_yoy_accel,0.2919,derived,psa_openstat_cpi_index_2018_2025_0012M4ACP09_2026-08-02.csv
2010Q1,growth_employment_gap,9.635,derived,psa_openstat_qna_gdp_growth_0062B5BPRQ2_2026-08-02.csv
2010Q2,underemployment_change_qoq,-1.961,derived,psa_openstat_lfs_underemployment_0021B3FKEI2_2026-08-02_part1.csv
2010Q2,underemployment_rate,17.781,observed,psa_openstat_lfs_underemployment_0021B3FKEI2_2026-08-02_part1.csv
2010Q2,unemployment_rate,8.047,observed,psa_openstat_lfs_underemployment_0021B3FKEI2_2026-08-02_part1.csv
2010Q2,employment_rate,91.953,observed,psa_openstat_lfs_underemployment_0021B3FKEI2_2026-08-02_part1.csv
2010Q2,lfpr,63.591,observed,psa_openstat_lfs_underemployment_0021B3FKEI2_2026-08-02_part1.csv
2010Q2,underemployment_change_yoy,-1.137,derived,psa_openstat_lfs_underemployment_0021B3FKEI2_2026-08-02_part1.csv
2010Q2,gdp_growth_yoy,8,observed,psa_openstat_qna_gdp_growth_0062B5BPRQ2_2026-08-02.csv
2010Q2,gdp_growth_yoy_accel,-0.1,derived,psa_openstat_qna_gdp_growth_0062B5BPRQ2_2026-08-02.csv
2010Q2,gdp_level,2.86377e+06,observed,psa_openstat_qna_gdp_levels_0052B5BPRQ1_2026-08-02.csv
2010Q2,gdp_growth_qoq,9.4339,derived,psa_openstat_qna_gdp_levels_0052B5BPRQ1_2026-08-02.csv
2010Q2,cpi_index,78.655,derived,psa_openstat_cpi_index_2018_2025_0012M4ACP09_2026-08-02.csv
2010Q2,inflation_yoy,3.8351,derived,psa_openstat_cpi_index_2018_2025_0012M4ACP09_2026-08-02.csv
2010Q2,inflation_yoy_accel,-0.066,derived,psa_openstat_cpi_index_2018_2025_0012M4ACP09_2026-08-02.csv
2010Q2,growth_employment_gap,6.863,derived,psa_openstat_qna_gdp_growth_0062B5BPRQ2_2026-08-02.csv
2010Q3,underemployment_change_qoq,0.163,derived,psa_openstat_lfs_underemployment_0021B3FKEI2_2026-08-02_part1.csv
2010Q3,underemployment_rate,17.944,observed,psa_openstat_lfs_underemployment_0021B3FKEI2_2026-08-02_part1.csv
2010Q3,unemployment_rate,6.957,observed,psa_openstat_lfs_underemployment_0021B3FKEI2_2026-08-02_part1.csv
2010Q3,employment_rate,93.043,observed,psa_openstat_lfs_underemployment_0021B3FKEI2_2026-08-02_part1.csv
2010Q3,lfpr,63.922,observed,psa_openstat_lfs_underemployment_0021B3FKEI2_2026-08-02_part1.csv
2010Q3,underemployment_change_yoy,-1.869,derived,psa_openstat_lfs_underemployment_0021B3FKEI2_2026-08-02_part1.csv
2010Q3,gdp_growth_yoy,7.1,observed,psa_openstat_qna_gdp_growth_0062B5BPRQ2_2026-08-02.csv
2010Q3,gdp_growth_yoy_accel,-0.9,derived,psa_openstat_qna_gdp_growth_0062B5BPRQ2_2026-08-02.csv
2010Q3,gdp_level,2.69205e+06,observed,psa_openstat_qna_gdp_levels_0052B5BPRQ1_2026-08-02.csv
2010Q3,gdp_growth_qoq,-5.9961,derived,psa_openstat_qna_gdp_levels_0052B5BPRQ1_2026-08-02.csv
2010Q3,cpi_index,79.2448,derived,psa_openstat_cpi_index_2018_2025_0012M4ACP09_2026-08-02.csv
2010Q3,inflation_yoy,3.8649,derived,psa_openstat_cpi_index_2018_2025_0012M4ACP09_2026-08-02.csv
2010Q3,inflation_yoy_accel,0.0298,derived,psa_openstat_cpi_index_2018_2025_0012M4ACP09_2026-08-02.csv
2010Q3,growth_employment_gap,5.231,derived,psa_openstat_qna_gdp_growth_0062B5BPRQ2_2026-08-02.csv
2010Q4,underemployment_change_qoq,1.628,derived,psa_openstat_lfs_underemployment_0021B3FKEI2_2026-08-02_part1.csv
2010Q4,underemployment_rate,19.572,observed,psa_openstat_lfs_underemployment_0021B3FKEI2_2026-08-02_part1.csv
2010Q4,unemployment_rate,7.124,observed,psa_openstat_lfs_underemployment_0021B3FKEI2_2026-08-02_part1.csv
2010Q4,employment_rate,92.876,observed,psa_openstat_lfs_underemployment_0021B3FKEI2_2026-08-02_part1.csv
2010Q4,lfpr,64.227,observed,psa_openstat_lfs_underemployment_0021B3FKEI2_2026-08-02_part1.csv
2010Q4,underemployment_change_yoy,0.192,derived,psa_openstat_lfs_underemployment_0021B3FKEI2_2026-08-02_part1.csv
2010Q4,gdp_growth_yoy,6.3,observed,psa_openstat_qna_gdp_growth_0062B5BPRQ2_2026-08-02.csv
2010Q4,gdp_growth_yoy_accel,-0.8,derived,psa_openstat_qna_gdp_growth_0062B5BPRQ2_2026-08-02.csv
2010Q4,gdp_level,3.01115e+06,observed,psa_openstat_qna_gdp_levels_0052B5BPRQ1_2026-08-02.csv
2010Q4,gdp_growth_qoq,11.8534,derived,psa_openstat_qna_gdp_levels_0052B5BPRQ1_2026-08-02.csv
2010Q4,cpi_index,79.8564,derived,psa_openstat_cpi_index_2018_2025_0012M4ACP09_2026-08-02.csv
2010Q4,inflation_yoy,3.5401,derived,psa_openstat_cpi_index_2018_2025_0012M4ACP09_2026-08-02.csv
2010Q4,inflation_yoy_accel,-0.3248,derived,psa_openstat_cpi_index_2018_2025_0012M4ACP09_2026-08-02.csv
2010Q4,growth_employment_gap,6.492,derived,psa_openstat_qna_gdp_growth_0062B5BPRQ2_2026-08-02.csv
2011Q1,underemployment_change_qoq,-0.147,derived,psa_openstat_lfs_underemployment_0021B3FKEI2_2026-08-02_part1.csv
2011Q1,underemployment_rate,19.425,observed,psa_openstat_lfs_underemployment_0021B3FKEI2_2026-08-02_part1.csv
2011Q1,unemployment_rate,7.44,observed,psa_openstat_lfs_underemployment_0021B3FKEI2_2026-08-02_part1.csv
2011Q1,employment_rate,92.56,observed,psa_openstat_lfs_underemployment_0021B3FKEI2_2026-08-02_part1.csv
2011Q1,lfpr,63.724,observed,psa_openstat_lfs_underemployment_0021B3FKEI2_2026-08-02_part1.csv
2011Q1,underemployment_change_yoy,-0.317,derived,psa_openstat_lfs_underemployment_0021B3FKEI2_2026-08-02_part1.csv
2011Q1,gdp_growth_yoy,4.8,observed,psa_openstat_qna_gdp_growth_0062B5BPRQ2_2026-08-02.csv
2011Q1,gdp_growth_yoy_accel,-1.5,derived,psa_openstat_qna_gdp_growth_0062B5BPRQ2_2026-08-02.csv
2011Q1,gdp_level,2.74321e+06,observed,psa_openstat_qna_gdp_levels_0052B5BPRQ1_2026-08-02.csv
2011Q1,gdp_growth_qoq,-8.8984,derived,psa_openstat_qna_gdp_levels_0052B5BPRQ1_2026-08-02.csv
2011Q1,cpi_index,81.4727,derived,psa_openstat_cpi_index_2018_2025_0012M4ACP09_2026-08-02.csv
2011Q1,inflation_yoy,4.5111,derived,psa_openstat_cpi_index_2018_2025_0012M4ACP09_2026-08-02.csv
2011Q1,inflation_yoy_accel,0.971,derived,psa_openstat_cpi_index_2018_2025_0012M4ACP09_2026-08-02.csv
2011Q1,growth_employment_gap,4.483,derived,psa_openstat_qna_gdp_growth_0062B5BPRQ2_2026-08-02.csv
2011Q2,underemployment_change_qoq,-0.068,derived,psa_openstat_lfs_underemployment_0021B3FKEI2_2026-08-02_part1.csv
2011Q2,underemployment_rate,19.357,observed,psa_openstat_lfs_underemployment_0021B3FKEI2_2026-08-02_part1.csv
2011Q2,unemployment_rate,7.234,observed,psa_openstat_lfs_underemployment_0021B3FKEI2_2026-08-02_part1.csv
2011Q2,employment_rate,92.766,observed,psa_openstat_lfs_underemployment_0021B3FKEI2_2026-08-02_part1.csv
2011Q2,lfpr,64.247,observed,psa_openstat_lfs_underemployment_0021B3FKEI2_2026-08-02_part1.csv
2011Q2,underemployment_change_yoy,1.576,derived,psa_openstat_lfs_underemployment_0021B3FKEI2_2026-08-02_part1.csv
2011Q2,gdp_growth_yoy,3.6,observed,psa_openstat_qna_gdp_growth_0062B5BPRQ2_2026-08-02.csv
2011Q2,gdp_growth_yoy_accel,-1.2,derived,psa_openstat_qna_gdp_growth_0062B5BPRQ2_2026-08-02.csv
2011Q2,gdp_level,2.96573e+06,observed,psa_openstat_qna_gdp_levels_0052B5BPRQ1_2026-08-02.csv
2011Q2,gdp_growth_qoq,8.1116,derived,psa_openstat_qna_gdp_levels_0052B5BPRQ1_2026-08-02.csv
2011Q2,cpi_index,82.543,derived,psa_openstat_cpi_index_2018_2025_0012M4ACP09_2026-08-02.csv
2011Q2,inflation_yoy,4.9431,derived,psa_openstat_cpi_index_2018_2025_0012M4ACP09_2026-08-02.csv
2011Q2,inflation_yoy_accel,0.432,derived,psa_openstat_cpi_index_2018_2025_0012M4ACP09_2026-08-02.csv
2011Q2,growth_employment_gap,5.176,derived,psa_openstat_qna_gdp_growth_0062B5BPRQ2_2026-08-02.csv
2011Q3,underemployment_change_qoq,-0.236,derived,psa_openstat_lfs_underemployment_0021B3FKEI2_2026-08-02_part1.csv
2011Q3,underemployment_rate,19.121,observed,psa_openstat_lfs_underemployment_0021B3FKEI2_2026-08-02_part1.csv
2011Q3,unemployment_rate,7.067,observed,psa_openstat_lfs_underemployment_0021B3FKEI2_2026-08-02_part1.csv
2011Q3,employment_rate,92.933,observed,psa_openstat_lfs_underemployment_0021B3FKEI2_2026-08-02_part1.csv
2011Q3,lfpr,64.345,observed,psa_openstat_lfs_underemployment_0021B3FKEI2_2026-08-02_part1.csv
2011Q3,underemployment_change_yoy,1.177,derived,psa_openstat_lfs_underemployment_0021B3FKEI2_2026-08-02_part1.csv
2011Q3,gdp_growth_yoy,3,observed,psa_openstat_qna_gdp_growth_0062B5BPRQ2_2026-08-02.csv
2011Q3,gdp_growth_yoy_accel,-0.6,derived,psa_openstat_qna_gdp_growth_0062B5BPRQ2_2026-08-02.csv
2011Q3,gdp_level,2.77378e+06,observed,psa_openstat_qna_gdp_levels_0052B5BPRQ1_2026-08-02.csv
2011Q3,gdp_growth_qoq,-6.4723,derived,psa_openstat_qna_gdp_levels_0052B5BPRQ1_2026-08-02.csv
2011Q3,cpi_index,83.0017,derived,psa_openstat_cpi_index_2018_2025_0012M4ACP09_2026-08-02.csv
2011Q3,inflation_yoy,4.7409,derived,psa_openstat_cpi_index_2018_2025_0012M4ACP09_2026-08-02.csv
2011Q3,inflation_yoy_accel,-0.2022,derived,psa_openstat_cpi_index_2018_2025_0012M4ACP09_2026-08-02.csv
2011Q3,growth_employment_gap,4.177,derived,psa_openstat_qna_gdp_growth_0062B5BPRQ2_2026-08-02.csv
2011Q4,underemployment_change_qoq,0.026,derived,psa_openstat_lfs_underemployment_0021B3FKEI2_2026-08-02_part1.csv
2011Q4,underemployment_rate,19.147,observed,psa_openstat_lfs_underemployment_0021B3FKEI2_2026-08-02_part1.csv
2011Q4,unemployment_rate,6.417,observed,psa_openstat_lfs_underemployment_0021B3FKEI2_2026-08-02_part1.csv
2011Q4,employment_rate,93.583,observed,psa_openstat_lfs_underemployment_0021B3FKEI2_2026-08-02_part1.csv
2011Q4,lfpr,66.261,observed,psa_openstat_lfs_underemployment_0021B3FKEI2_2026-08-02_part1.csv
2011Q4,underemployment_change_yoy,-0.425,derived,psa_openstat_lfs_underemployment_0021B3FKEI2_2026-08-02_part1.csv
2011Q4,gdp_growth_yoy,4,observed,psa_openstat_qna_gdp_growth_0062B5BPRQ2_2026-08-02.csv
2011Q4,gdp_growth_yoy_accel,1,derived,psa_openstat_qna_gdp_growth_0062B5BPRQ2_2026-08-02.csv
2011Q4,gdp_level,3.13265e+06,observed,psa_openstat_qna_gdp_levels_0052B5BPRQ1_2026-08-02.csv
2011Q4,gdp_growth_qoq,12.9381,derived,psa_openstat_qna_gdp_levels_0052B5BPRQ1_2026-08-02.csv
2011Q4,cpi_index,83.5915,derived,psa_openstat_cpi_index_2018_2025_0012M4ACP09_2026-08-02.csv
2011Q4,inflation_yoy,4.6772,derived,psa_openstat_cpi_index_2018_2025_0012M4ACP09_2026-08-02.csv
2011Q4,inflation_yoy_accel,-0.0637,derived,psa_openstat_cpi_index_2018_2025_0012M4ACP09_2026-08-02.csv
2011Q4,growth_employment_gap,3.575,derived,psa_openstat_qna_gdp_growth_0062B5BPRQ2_2026-08-02.csv
2012Q1,underemployment_change_qoq,-0.349,derived,psa_openstat_lfs_underemployment_0021B3FKEI2_2026-08-02_part1.csv
2012Q1,underemployment_rate,18.798,observed,psa_openstat_lfs_underemployment_0021B3FKEI2_2026-08-02_part1.csv
2012Q1,unemployment_rate,7.19,observed,psa_openstat_lfs_underemployment_0021B3FKEI2_2026-08-02_part1.csv
2012Q1,employment_rate,92.81,observed,psa_openstat_lfs_underemployment_0021B3FKEI2_2026-08-02_part1.csv
2012Q1,lfpr,64.175,observed,psa_openstat_lfs_underemployment_0021B3FKEI2_2026-08-02_part1.csv
2012Q1,underemployment_change_yoy,-0.627,derived,psa_openstat_lfs_underemployment_0021B3FKEI2_2026-08-02_part1.csv
2012Q1,gdp_growth_yoy,6,observed,psa_openstat_qna_gdp_growth_0062B5BPRQ2_2026-08-02.csv
2012Q1,gdp_growth_yoy_accel,2,derived,psa_openstat_qna_gdp_growth_0062B5BPRQ2_2026-08-02.csv
2012Q1,gdp_level,2.9089e+06,observed,psa_openstat_qna_gdp_levels_0052B5BPRQ1_2026-08-02.csv
2012Q1,gdp_growth_qoq,-7.1425,derived,psa_openstat_qna_gdp_levels_0052B5BPRQ1_2026-08-02.csv
2012Q1,cpi_index,84.1716,derived,psa_openstat_cpi_index_2018_2025_0012M4ACP09_2026-08-02.csv
2012Q1,inflation_yoy,3.3127,derived,psa_openstat_cpi_index_2018_2025_0012M4ACP09_2026-08-02.csv
2012Q1,inflation_yoy_accel,-1.3646,derived,psa_openstat_cpi_index_2018_2025_0012M4ACP09_2026-08-02.csv
2012Q1,growth_employment_gap,5.373,derived,psa_openstat_qna_gdp_growth_0062B5BPRQ2_2026-08-02.csv
2012Q2,underemployment_change_qoq,0.528,derived,psa_openstat_lfs_underemployment_0021B3FKEI2_2026-08-02_part1.csv
2012Q2,underemployment_rate,19.326,observed,psa_openstat_lfs_underemployment_0021B3FKEI2_2026-08-02_part1.csv
2012Q2,unemployment_rate,6.896,observed,psa_openstat_lfs_underemployment_0021B3FKEI2_2026-08-02_part1.csv
2012Q2,employment_rate,93.104,observed,psa_openstat_lfs_underemployment_0021B3FKEI2_2026-08-02_part1.csv
2012Q2,lfpr,64.678,observed,psa_openstat_lfs_underemployment_0021B3FKEI2_2026-08-02_part1.csv
2012Q2,underemployment_change_yoy,-0.031,derived,psa_openstat_lfs_underemployment_0021B3FKEI2_2026-08-02_part1.csv
2012Q2,gdp_growth_yoy,6.2,observed,psa_openstat_qna_gdp_growth_0062B5BPRQ2_2026-08-02.csv
2012Q2,gdp_growth_yoy_accel,0.2,derived,psa_openstat_qna_gdp_growth_0062B5BPRQ2_2026-08-02.csv
2012Q2,gdp_level,3.15017e+06,observed,psa_openstat_qna_gdp_levels_0052B5BPRQ1_2026-08-02.csv
2012Q2,gdp_growth_qoq,8.2944,derived,psa_openstat_qna_gdp_levels_0052B5BPRQ1_2026-08-02.csv
2012Q2,cpi_index,84.9673,derived,psa_openstat_cpi_index_2018_2025_0012M4ACP09_2026-08-02.csv
2012Q2,inflation_yoy,2.937,derived,psa_openstat_cpi_index_2018_2025_0012M4ACP09_2026-08-02.csv
2012Q2,inflation_yoy_accel,-0.3756,derived,psa_openstat_cpi_index_2018_2025_0012M4ACP09_2026-08-02.csv
2012Q2,growth_employment_gap,6.169,derived,psa_openstat_qna_gdp_growth_0062B5BPRQ2_2026-08-02.csv
2012Q3,underemployment_change_qoq,3.48,derived,psa_openstat_lfs_underemployment_0021B3FKEI2_2026-08-02_part1.csv
2012Q3,underemployment_rate,22.806,observed,psa_openstat_lfs_underemployment_0021B3FKEI2_2026-08-02_part1.csv
2012Q3,unemployment_rate,7.046,observed,psa_openstat_lfs_underemployment_0021B3FKEI2_2026-08-02_part1.csv
2012Q3,employment_rate,92.954,observed,psa_openstat_lfs_underemployment_0021B3FKEI2_2026-08-02_part1.csv
2012Q3,lfpr,64.013,observed,psa_openstat_lfs_underemployment_0021B3FKEI2_2026-08-02_part1.csv
2012Q3,underemployment_change_yoy,3.685,derived,psa_openstat_lfs_underemployment_0021B3FKEI2_2026-08-02_part1.csv
2012Q3,gdp_growth_yoy,7.4,observed,psa_openstat_qna_gdp_growth_0062B5BPRQ2_2026-08-02.csv
2012Q3,gdp_growth_yoy_accel,1.2,derived,psa_openstat_qna_gdp_growth_0062B5BPRQ2_2026-08-02.csv
2012Q3,gdp_level,2.97902e+06,observed,psa_openstat_qna_gdp_levels_0052B5BPRQ1_2026-08-02.csv
2012Q3,gdp_growth_qoq,-5.4331,derived,psa_openstat_qna_gdp_levels_0052B5BPRQ1_2026-08-02.csv
2012Q3,cpi_index,85.8767,derived,psa_openstat_cpi_index_2018_2025_0012M4ACP09_2026-08-02.csv
2012Q3,inflation_yoy,3.4637,derived,psa_openstat_cpi_index_2018_2025_0012M4ACP09_2026-08-02.csv
2012Q3,inflation_yoy_accel,0.5267,derived,psa_openstat_cpi_index_2018_2025_0012M4ACP09_2026-08-02.csv
2012Q3,growth_employment_gap,11.085,derived,psa_openstat_qna_gdp_growth_0062B5BPRQ2_2026-08-02.csv
2012Q4,underemployment_change_qoq,-3.798,derived,psa_openstat_lfs_underemployment_0021B3FKEI2_2026-08-02_part1.csv
2012Q4,underemployment_rate,19.008,observed,psa_openstat_lfs_underemployment_0021B3FKEI2_2026-08-02_part1.csv
2012Q4,unemployment_rate,6.834,observed,psa_openstat_lfs_underemployment_0021B3FKEI2_2026-08-02_part1.csv
2012Q4,employment_rate,93.166,observed,psa_openstat_lfs_underemployment_0021B3FKEI2_2026-08-02_part1.csv
2012Q4,lfpr,63.873,observed,psa_openstat_lfs_underemployment_0021B3FKEI2_2026-08-02_part1.csv
2012Q4,underemployment_change_yoy,-0.139,derived,psa_openstat_lfs_underemployment_0021B3FKEI2_2026-08-02_part1.csv
2012Q4,gdp_growth_yoy,7.8,observed,psa_openstat_qna_gdp_growth_0062B5BPRQ2_2026-08-02.csv
2012Q4,gdp_growth_yoy_accel,0.4,derived,psa_openstat_qna_gdp_growth_0062B5BPRQ2_2026-08-02.csv
2012Q4,gdp_level,3.37837e+06,observed,psa_openstat_qna_gdp_levels_0052B5BPRQ1_2026-08-02.csv
2012Q4,gdp_growth_qoq,13.4053,derived,psa_openstat_qna_gdp_levels_0052B5BPRQ1_2026-08-02.csv
2012Q4,cpi_index,86.0756,derived,psa_openstat_cpi_index_2018_2025_0012M4ACP09_2026-08-02.csv
2012Q4,inflation_yoy,2.9718,derived,psa_openstat_cpi_index_2018_2025_0012M4ACP09_2026-08-02.csv
2012Q4,inflation_yoy_accel,-0.492,derived,psa_openstat_cpi_index_2018_2025_0012M4ACP09_2026-08-02.csv
2012Q4,growth_employment_gap,7.661,derived,psa_openstat_qna_gdp_growth_0062B5BPRQ2_2026-08-02.csv
2013Q1,underemployment_change_qoq,1.903,derived,psa_openstat_lfs_underemployment_0021B3FKEI2_2026-08-02_part1.csv
2013Q1,underemployment_rate,20.911,observed,psa_openstat_lfs_underemployment_0021B3FKEI2_2026-08-02_part1.csv
2013Q1,unemployment_rate,7.086,observed,psa_openstat_lfs_underemployment_0021B3FKEI2_2026-08-02_part1.csv
2013Q1,employment_rate,92.914,observed,psa_openstat_lfs_underemployment_0021B3FKEI2_2026-08-02_part1.csv
2013Q1,lfpr,64.083,observed,psa_openstat_lfs_underemployment_0021B3FKEI2_2026-08-02_part1.csv
2013Q1,underemployment_change_yoy,2.113,derived,psa_openstat_lfs_underemployment_0021B3FKEI2_2026-08-02_part1.csv
2013Q1,gdp_growth_yoy,7.6,observed,psa_openstat_qna_gdp_growth_0062B5BPRQ2_2026-08-02.csv
2013Q1,gdp_growth_yoy_accel,-0.2,derived,psa_openstat_qna_gdp_growth_0062B5BPRQ2_2026-08-02.csv
2013Q1,gdp_level,3.12978e+06,observed,psa_openstat_qna_gdp_levels_0052B5BPRQ1_2026-08-02.csv
2013Q1,gdp_growth_qoq,-7.3584,derived,psa_openstat_qna_gdp_levels_0052B5BPRQ1_2026-08-02.csv
2013Q1,cpi_index,86.5587,derived,psa_openstat_cpi_index_2018_2025_0012M4ACP09_2026-08-02.csv
2013Q1,inflation_yoy,2.8359,derived,psa_openstat_cpi_index_2018_2025_0012M4ACP09_2026-08-02.csv
2013Q1,inflation_yoy_accel,-0.1358,derived,psa_openstat_cpi_index_2018_2025_0012M4ACP09_2026-08-02.csv
2013Q1,growth_employment_gap,9.713,derived,psa_openstat_qna_gdp_growth_0062B5BPRQ2_2026-08-02.csv
2013Q2,underemployment_change_qoq,-1.738,derived,psa_openstat_lfs_underemployment_0021B3FKEI2_2026-08-02_part1.csv
2013Q2,underemployment_rate,19.173,observed,psa_openstat_lfs_underemployment_0021B3FKEI2_2026-08-02_part1.csv
2013Q2,unemployment_rate,7.547,observed,psa_openstat_lfs_underemployment_0021B3FKEI2_2026-08-02_part1.csv
2013Q2,employment_rate,92.453,observed,psa_openstat_lfs_underemployment_0021B3FKEI2_2026-08-02_part1.csv
2013Q2,lfpr,63.826,observed,psa_openstat_lfs_underemployment_0021B3FKEI2_2026-08-02_part1.csv
2013Q2,underemployment_change_yoy,-0.153,derived,psa_openstat_lfs_underemployment_0021B3FKEI2_2026-08-02_part1.csv
2013Q2,gdp_growth_yoy,7.5,observed,psa_openstat_qna_gdp_growth_0062B5BPRQ2_2026-08-02.csv
2013Q2,gdp_growth_yoy_accel,-0.1,derived,psa_openstat_qna_gdp_growth_0062B5BPRQ2_2026-08-02.csv
2013Q2,gdp_level,3.38683e+06,observed,psa_openstat_qna_gdp_levels_0052B5BPRQ1_2026-08-02.csv
2013Q2,gdp_growth_qoq,8.2131,derived,psa_openstat_qna_gdp_levels_0052B5BPRQ1_2026-08-02.csv
2013Q2,cpi_index,86.9565,derived,psa_openstat_cpi_index_2018_2025_0012M4ACP09_2026-08-02.csv
2013Q2,inflation_yoy,2.3411,derived,psa_openstat_cpi_index_2018_2025_0012M4ACP09_2026-08-02.csv
2013Q2,inflation_yoy_accel,-0.4948,derived,psa_openstat_cpi_index_2018_2025_0012M4ACP09_2026-08-02.csv
2013Q2,growth_employment_gap,7.347,derived,psa_openstat_qna_gdp_growth_0062B5BPRQ2_2026-08-02.csv
2013Q3,underemployment_change_qoq,0.055,derived,psa_openstat_lfs_underemployment_0021B3FKEI2_2026-08-02_part1.csv
2013Q3,underemployment_rate,19.228,observed,psa_openstat_lfs_underemployment_0021B3FKEI2_2026-08-02_part1.csv
2013Q3,unemployment_rate,7.292,observed,psa_openstat_lfs_underemployment_0021B3FKEI2_2026-08-02_part1.csv
2013Q3,employment_rate,92.708,observed,psa_openstat_lfs_underemployment_0021B3FKEI2_2026-08-02_part1.csv
2013Q3,lfpr,63.872,observed,psa_openstat_lfs_underemployment_0021B3FKEI2_2026-08-02_part1.csv
2013Q3,underemployment_change_yoy,-3.578,derived,psa_openstat_lfs_underemployment_0021B3FKEI2_2026-08-02_part1.csv
2013Q3,gdp_growth_yoy,6.7,observed,psa_openstat_qna_gdp_growth_0062B5BPRQ2_2026-08-02.csv
2013Q3,gdp_growth_yoy_accel,-0.8,derived,psa_openstat_qna_gdp_growth_0062B5BPRQ2_2026-08-02.csv
2013Q3,gdp_level,3.17888e+06,observed,psa_openstat_qna_gdp_levels_0052B5BPRQ1_2026-08-02.csv
2013Q3,gdp_growth_qoq,-6.1398,derived,psa_openstat_qna_gdp_levels_0052B5BPRQ1_2026-08-02.csv
2013Q3,cpi_index,87.7238,derived,psa_openstat_cpi_index_2018_2025_0012M4ACP09_2026-08-02.csv
2013Q3,inflation_yoy,2.1509,derived,psa_openstat_cpi_index_2018_2025_0012M4ACP09_2026-08-02.csv
2013Q3,inflation_yoy_accel,-0.1902,derived,psa_openstat_cpi_index_2018_2025_0012M4ACP09_2026-08-02.csv
2013Q3,growth_employment_gap,3.122,derived,psa_openstat_qna_gdp_growth_0062B5BPRQ2_2026-08-02.csv
2013Q4,underemployment_change_qoq,-1.165,derived,psa_openstat_lfs_underemployment_0021B3FKEI2_2026-08-02_part1.csv
2013Q4,underemployment_rate,18.063,observed,psa_openstat_lfs_underemployment_0021B3FKEI2_2026-08-02_part1.csv
2013Q4,unemployment_rate,6.4,observed,psa_openstat_lfs_underemployment_0021B3FKEI2_2026-08-02_part1.csv
2013Q4,employment_rate,93.6,observed,psa_openstat_lfs_underemployment_0021B3FKEI2_2026-08-02_part1.csv
2013Q4,lfpr,63.917,observed,psa_openstat_lfs_underemployment_0021B3FKEI2_2026-08-02_part1.csv
2013Q4,underemployment_change_yoy,-0.945,derived,psa_openstat_lfs_underemployment_0021B3FKEI2_2026-08-02_part1.csv
2013Q4,gdp_growth_yoy,5.4,observed,psa_openstat_qna_gdp_growth_0062B5BPRQ2_2026-08-02.csv
2013Q4,gdp_growth_yoy_accel,-1.3,derived,psa_openstat_qna_gdp_growth_0062B5BPRQ2_2026-08-02.csv
2013Q4,gdp_level,3.55916e+06,observed,psa_openstat_qna_gdp_levels_0052B5BPRQ1_2026-08-02.csv
2013Q4,gdp_growth_qoq,11.9624,derived,psa_openstat_qna_gdp_levels_0052B5BPRQ1_2026-08-02.csv
2013Q4,cpi_index,88.6616,derived,psa_openstat_cpi_index_2018_2025_0012M4ACP09_2026-08-02.csv
2013Q4,inflation_yoy,3.0043,derived,psa_openstat_cpi_index_2018_2025_0012M4ACP09_2026-08-02.csv
2013Q4,inflation_yoy_accel,0.8534,derived,psa_openstat_cpi_index_2018_2025_0012M4ACP09_2026-08-02.csv
2013Q4,growth_employment_gap,4.455,derived,psa_openstat_qna_gdp_growth_0062B5BPRQ2_2026-08-02.csv
2014Q1,underemployment_change_qoq,1.442,derived,psa_openstat_lfs_underemployment_0021B3FKEI2_2026-08-02_part1.csv
2014Q1,underemployment_rate,19.505,observed,psa_openstat_lfs_underemployment_0021B3FKEI2_2026-08-02_part1.csv
2014Q1,unemployment_rate,7.538,observed,psa_openstat_lfs_underemployment_0021B3FKEI2_2026-08-02_part1.csv
2014Q1,employment_rate,92.462,observed,psa_openstat_lfs_underemployment_0021B3FKEI2_2026-08-02_part1.csv
2014Q1,lfpr,63.757,observed,psa_openstat_lfs_underemployment_0021B3FKEI2_2026-08-02_part1.csv
2014Q1,underemployment_change_yoy,-1.406,derived,psa_openstat_lfs_underemployment_0021B3FKEI2_2026-08-02_part1.csv
2014Q1,gdp_growth_yoy,5.7,observed,psa_openstat_qna_gdp_growth_0062B5BPRQ2_2026-08-02.csv
2014Q1,gdp_growth_yoy_accel,0.3,derived,psa_openstat_qna_gdp_growth_0062B5BPRQ2_2026-08-02.csv
2014Q1,gdp_level,3.30814e+06,observed,psa_openstat_qna_gdp_levels_0052B5BPRQ1_2026-08-02.csv
2014Q1,gdp_growth_qoq,-7.0528,derived,psa_openstat_qna_gdp_levels_0052B5BPRQ1_2026-08-02.csv
2014Q1,cpi_index,89.713,derived,psa_openstat_cpi_index_2018_2025_0012M4ACP09_2026-08-02.csv
2014Q1,inflation_yoy,3.6441,derived,psa_openstat_cpi_index_2018_2025_0012M4ACP09_2026-08-02.csv
2014Q1,inflation_yoy_accel,0.6398,derived,psa_openstat_cpi_index_2018_2025_0012M4ACP09_2026-08-02.csv
2014Q1,growth_employment_gap,4.294,derived,psa_openstat_qna_gdp_growth_0062B5BPRQ2_2026-08-02.csv
2014Q2,underemployment_change_qoq,-1.33,derived,psa_openstat_lfs_underemployment_0021B3FKEI2_2026-08-02_part1.csv
2014Q2,underemployment_rate,18.175,observed,psa_openstat_lfs_underemployment_0021B3FKEI2_2026-08-02_part1.csv
2014Q2,unemployment_rate,7.031,observed,psa_openstat_lfs_underemployment_0021B3FKEI2_2026-08-02_part1.csv
2014Q2,employment_rate,92.969,observed,psa_openstat_lfs_underemployment_0021B3FKEI2_2026-08-02_part1.csv
2014Q2,lfpr,65.214,observed,psa_openstat_lfs_underemployment_0021B3FKEI2_2026-08-02_part1.csv
2014Q2,underemployment_change_yoy,-0.998,derived,psa_openstat_lfs_underemployment_0021B3FKEI2_2026-08-02_part1.csv
2014Q2,gdp_growth_yoy,6.9,observed,psa_openstat_qna_gdp_growth_0062B5BPRQ2_2026-08-02.csv
2014Q2,gdp_growth_yoy_accel,1.2,derived,psa_openstat_qna_gdp_growth_0062B5BPRQ2_2026-08-02.csv
2014Q2,gdp_level,3.62176e+06,observed,psa_openstat_qna_gdp_levels_0052B5BPRQ1_2026-08-02.csv
2014Q2,gdp_growth_qoq,9.4803,derived,psa_openstat_qna_gdp_levels_0052B5BPRQ1_2026-08-02.csv
2014Q2,cpi_index,90.2813,derived,psa_openstat_cpi_index_2018_2025_0012M4ACP09_2026-08-02.csv
2014Q2,inflation_yoy,3.8235,derived,psa_openstat_cpi_index_2018_2025_0012M4ACP09_2026-08-02.csv
2014Q2,inflation_yoy_accel,0.1794,derived,psa_openstat_cpi_index_2018_2025_0012M4ACP09_2026-08-02.csv
2014Q2,growth_employment_gap,5.902,derived,psa_openstat_qna_gdp_growth_0062B5BPRQ2_2026-08-02.csv
2014Q3,underemployment_change_qoq,0.157,derived,psa_openstat_lfs_underemployment_0021B3FKEI2_2026-08-02_part1.csv
2014Q3,underemployment_rate,18.332,observed,psa_openstat_lfs_underemployment_0021B3FKEI2_2026-08-02_part1.csv
2014Q3,unemployment_rate,6.738,observed,psa_openstat_lfs_underemployment_0021B3FKEI2_2026-08-02_part1.csv
2014Q3,employment_rate,93.262,observed,psa_openstat_lfs_underemployment_0021B3FKEI2_2026-08-02_part1.csv
2014Q3,lfpr,64.352,observed,psa_openstat_lfs_underemployment_0021B3FKEI2_2026-08-02_part1.csv
2014Q3,underemployment_change_yoy,-0.896,derived,psa_openstat_lfs_underemployment_0021B3FKEI2_2026-08-02_part1.csv
2014Q3,gdp_growth_yoy,5.9,observed,psa_openstat_qna_gdp_growth_0062B5BPRQ2_2026-08-02.csv
2014Q3,gdp_growth_yoy_accel,-1,derived,psa_openstat_qna_gdp_growth_0062B5BPRQ2_2026-08-02.csv
2014Q3,gdp_level,3.36755e+06,observed,psa_openstat_qna_gdp_levels_0052B5BPRQ1_2026-08-02.csv
2014Q3,gdp_growth_qoq,-7.0188,derived,psa_openstat_qna_gdp_levels_0052B5BPRQ1_2026-08-02.csv
2014Q3,cpi_index,91.3043,derived,psa_openstat_cpi_index_2018_2025_0012M4ACP09_2026-08-02.csv
2014Q3,inflation_yoy,4.0816,derived,psa_openstat_cpi_index_2018_2025_0012M4ACP09_2026-08-02.csv
2014Q3,inflation_yoy_accel,0.2581,derived,psa_openstat_cpi_index_2018_2025_0012M4ACP09_2026-08-02.csv
2014Q3,growth_employment_gap,5.004,derived,psa_openstat_qna_gdp_growth_0062B5BPRQ2_2026-08-02.csv
2014Q4,underemployment_change_qoq,0.409,derived,psa_openstat_lfs_underemployment_0021B3FKEI2_2026-08-02_part1.csv
2014Q4,underemployment_rate,18.741,observed,psa_openstat_lfs_underemployment_0021B3FKEI2_2026-08-02_part1.csv
2014Q4,unemployment_rate,6.007,observed,psa_openstat_lfs_underemployment_0021B3FKEI2_2026-08-02_part1.csv
2014Q4,employment_rate,93.993,observed,psa_openstat_lfs_underemployment_0021B3FKEI2_2026-08-02_part1.csv
2014Q4,lfpr,64.303,observed,psa_openstat_lfs_underemployment_0021B3FKEI2_2026-08-02_part1.csv
2014Q4,underemployment_change_yoy,0.678,derived,psa_openstat_lfs_underemployment_0021B3FKEI2_2026-08-02_part1.csv
2014Q4,gdp_growth_yoy,6.7,observed,psa_openstat_qna_gdp_growth_0062B5BPRQ2_2026-08-02.csv
2014Q4,gdp_growth_yoy_accel,0.8,derived,psa_openstat_qna_gdp_growth_0062B5BPRQ2_2026-08-02.csv
2014Q4,gdp_level,3.7986e+06,observed,psa_openstat_qna_gdp_levels_0052B5BPRQ1_2026-08-02.csv
2014Q4,gdp_growth_qoq,12.8,derived,psa_openstat_qna_gdp_levels_0052B5BPRQ1_2026-08-02.csv
2014Q4,cpi_index,91.1907,derived,psa_openstat_cpi_index_2018_2025_0012M4ACP09_2026-08-02.csv
2014Q4,inflation_yoy,2.8526,derived,psa_openstat_cpi_index_2018_2025_0012M4ACP09_2026-08-02.csv
2014Q4,inflation_yoy_accel,-1.2291,derived,psa_openstat_cpi_index_2018_2025_0012M4ACP09_2026-08-02.csv
2014Q4,growth_employment_gap,7.378,derived,psa_openstat_qna_gdp_growth_0062B5BPRQ2_2026-08-02.csv
2015Q1,underemployment_change_qoq,-0.846,derived,psa_openstat_lfs_underemployment_0021B3FKEI2_2026-08-02_part1.csv
2015Q1,underemployment_rate,17.895,observed,psa_openstat_lfs_underemployment_0021B3FKEI2_2026-08-02_part1.csv
2015Q1,unemployment_rate,6.566,observed,psa_openstat_lfs_underemployment_0021B3FKEI2_2026-08-02_part1.csv
2015Q1,employment_rate,93.434,observed,psa_openstat_lfs_underemployment_0021B3FKEI2_2026-08-02_part1.csv
2015Q1,lfpr,63.731,observed,psa_openstat_lfs_underemployment_0021B3FKEI2_2026-08-02_part1.csv
2015Q1,underemployment_change_yoy,-1.61,derived,psa_openstat_lfs_underemployment_0021B3FKEI2_2026-08-02_part1.csv
2015Q1,gdp_growth_yoy,5.2,observed,psa_openstat_qna_gdp_growth_0062B5BPRQ2_2026-08-02.csv
2015Q1,gdp_growth_yoy_accel,-1.5,derived,psa_openstat_qna_gdp_growth_0062B5BPRQ2_2026-08-02.csv
2015Q1,gdp_level,3.4818e+06,observed,psa_openstat_qna_gdp_levels_0052B5BPRQ1_2026-08-02.csv
2015Q1,gdp_growth_qoq,-8.34,derived,psa_openstat_qna_gdp_levels_0052B5BPRQ1_2026-08-02.csv
2015Q1,cpi_index,91.077,derived,psa_openstat_cpi_index_2018_2025_0012M4ACP09_2026-08-02.csv
2015Q1,inflation_yoy,1.5204,derived,psa_openstat_cpi_index_2018_2025_0012M4ACP09_2026-08-02.csv
2015Q1,inflation_yoy_accel,-1.3321,derived,psa_openstat_cpi_index_2018_2025_0012M4ACP09_2026-08-02.csv
2015Q1,growth_employment_gap,3.59,derived,psa_openstat_qna_gdp_growth_0062B5BPRQ2_2026-08-02.csv
2015Q2,underemployment_change_qoq,-0.062,derived,psa_openstat_lfs_underemployment_0021B3FKEI2_2026-08-02_part1.csv
2015Q2,underemployment_rate,17.833,observed,psa_openstat_lfs_underemployment_0021B3FKEI2_2026-08-02_part1.csv
2015Q2,unemployment_rate,6.409,observed,psa_openstat_lfs_underemployment_0021B3FKEI2_2026-08-02_part1.csv
2015Q2,employment_rate,93.591,observed,psa_openstat_lfs_underemployment_0021B3FKEI2_2026-08-02_part1.csv
2015Q2,lfpr,64.566,observed,psa_openstat_lfs_underemployment_0021B3FKEI2_2026-08-02_part1.csv
2015Q2,underemployment_change_yoy,-0.342,derived,psa_openstat_lfs_underemployment_0021B3FKEI2_2026-08-02_part1.csv
2015Q2,gdp_growth_yoy,6.4,observed,psa_openstat_qna_gdp_growth_0062B5BPRQ2_2026-08-02.csv
2015Q2,gdp_growth_yoy_accel,1.2,derived,psa_openstat_qna_gdp_growth_0062B5BPRQ2_2026-08-02.csv
2015Q2,gdp_level,3.8535e+06,observed,psa_openstat_qna_gdp_levels_0052B5BPRQ1_2026-08-02.csv
2015Q2,gdp_growth_qoq,10.6757,derived,psa_openstat_qna_gdp_levels_0052B5BPRQ1_2026-08-02.csv
2015Q2,cpi_index,91.1623,derived,psa_openstat_cpi_index_2018_2025_0012M4ACP09_2026-08-02.csv
2015Q2,inflation_yoy,0.9758,derived,psa_openstat_cpi_index_2018_2025_0012M4ACP09_2026-08-02.csv
2015Q2,inflation_yoy_accel,-0.5447,derived,psa_openstat_cpi_index_2018_2025_0012M4ACP09_2026-08-02.csv
2015Q2,growth_employment_gap,6.058,derived,psa_openstat_qna_gdp_growth_0062B5BPRQ2_2026-08-02.csv
2015Q3,underemployment_change_qoq,3.149,derived,psa_openstat_lfs_underemployment_0021B3FKEI2_2026-08-02_part1.csv
2015Q3,underemployment_rate,20.982,observed,psa_openstat_lfs_underemployment_0021B3FKEI2_2026-08-02_part1.csv
2015Q3,unemployment_rate,6.5,observed,psa_openstat_lfs_underemployment_0021B3FKEI2_2026-08-02_part1.csv
2015Q3,employment_rate,93.5,observed,psa_openstat_lfs_underemployment_0021B3FKEI2_2026-08-02_part1.csv
2015Q3,lfpr,62.901,observed,psa_openstat_lfs_underemployment_0021B3FKEI2_2026-08-02_part1.csv
2015Q3,underemployment_change_yoy,2.65,derived,psa_openstat_lfs_underemployment_0021B3FKEI2_2026-08-02_part1.csv
2015Q3,gdp_growth_yoy,6.6,observed,psa_openstat_qna_gdp_growth_0062B5BPRQ2_2026-08-02.csv
2015Q3,gdp_growth_yoy_accel,0.2,derived,psa_openstat_qna_gdp_growth_0062B5BPRQ2_2026-08-02.csv
2015Q3,gdp_level,3.58939e+06,observed,psa_openstat_qna_gdp_levels_0052B5BPRQ1_2026-08-02.csv
2015Q3,gdp_growth_qoq,-6.8539,derived,psa_openstat_qna_gdp_levels_0052B5BPRQ1_2026-08-02.csv
2015Q3,cpi_index,91.2475,derived,psa_openstat_cpi_index_2018_2025_0012M4ACP09_2026-08-02.csv
2015Q3,inflation_yoy,-0.0622,derived,psa_openstat_cpi_index_2018_2025_0012M4ACP09_2026-08-02.csv
2015Q3,inflation_yoy_accel,-1.038,derived,psa_openstat_cpi_index_2018_2025_0012M4ACP09_2026-08-02.csv
2015Q3,growth_employment_gap,9.25,derived,psa_openstat_qna_gdp_growth_0062B5BPRQ2_2026-08-02.csv
2015Q4,underemployment_change_qoq,-3.332,derived,psa_openstat_lfs_underemployment_0021B3FKEI2_2026-08-02_part1.csv
2015Q4,underemployment_rate,17.65,observed,psa_openstat_lfs_underemployment_0021B3FKEI2_2026-08-02_part1.csv
2015Q4,unemployment_rate,5.625,observed,psa_openstat_lfs_underemployment_0021B3FKEI2_2026-08-02_part1.csv
2015Q4,employment_rate,94.375,observed,psa_openstat_lfs_underemployment_0021B3FKEI2_2026-08-02_part1.csv
2015Q4,lfpr,63.26,observed,psa_openstat_lfs_underemployment_0021B3FKEI2_2026-08-02_part1.csv
2015Q4,underemployment_change_yoy,-1.091,derived,psa_openstat_lfs_underemployment_0021B3FKEI2_2026-08-02_part1.csv
2015Q4,gdp_growth_yoy,7,observed,psa_openstat_qna_gdp_growth_0062B5BPRQ2_2026-08-02.csv
2015Q4,gdp_growth_yoy_accel,0.4,derived,psa_openstat_qna_gdp_growth_0062B5BPRQ2_2026-08-02.csv
2015Q4,gdp_level,4.06622e+06,observed,psa_openstat_qna_gdp_levels_0052B5BPRQ1_2026-08-02.csv
2015Q4,gdp_growth_qoq,13.2845,derived,psa_openstat_qna_gdp_levels_0052B5BPRQ1_2026-08-02.csv
2015Q4,cpi_index,91.4464,derived,psa_openstat_cpi_index_2018_2025_0012M4ACP09_2026-08-02.csv
2015Q4,inflation_yoy,0.2805,derived,psa_openstat_cpi_index_2018_2025_0012M4ACP09_2026-08-02.csv
2015Q4,inflation_yoy_accel,0.3427,derived,psa_openstat_cpi_index_2018_2025_0012M4ACP09_2026-08-02.csv
2015Q4,growth_employment_gap,5.909,derived,psa_openstat_qna_gdp_growth_0062B5BPRQ2_2026-08-02.csv
2016Q1,underemployment_change_qoq,1.95,derived,psa_openstat_lfs_underemployment_0021B3FKEI2_2026-08-02_part1.csv
2016Q1,underemployment_rate,19.6,observed,psa_openstat_lfs_underemployment_0021B3FKEI2_2026-08-02_part1.csv
2016Q1,unemployment_rate,5.69,observed,psa_openstat_lfs_underemployment_0021B3FKEI2_2026-08-02_part1.csv
2016Q1,employment_rate,94.31,observed,psa_openstat_lfs_underemployment_0021B3FKEI2_2026-08-02_part1.csv
2016Q1,lfpr,63.551,observed,psa_openstat_lfs_underemployment_0021B3FKEI2_2026-08-02_part1.csv
2016Q1,underemployment_change_yoy,1.705,derived,psa_openstat_lfs_underemployment_0021B3FKEI2_2026-08-02_part1.csv
2016Q1,gdp_growth_yoy,6.9,observed,psa_openstat_qna_gdp_growth_0062B5BPRQ2_2026-08-02.csv
2016Q1,gdp_growth_yoy_accel,-0.1,derived,psa_openstat_qna_gdp_growth_0062B5BPRQ2_2026-08-02.csv
2016Q1,gdp_level,3.72269e+06,observed,psa_openstat_qna_gdp_levels_0052B5BPRQ1_2026-08-02.csv
2016Q1,gdp_growth_qoq,-8.4484,derived,psa_openstat_qna_gdp_levels_0052B5BPRQ1_2026-08-02.csv
2016Q1,cpi_index,91.6169,derived,psa_openstat_cpi_index_2018_2025_0012M4ACP09_2026-08-02.csv
2016Q1,inflation_yoy,0.5928,derived,psa_openstat_cpi_index_2018_2025_0012M4ACP09_2026-08-02.csv
2016Q1,inflation_yoy_accel,0.3124,derived,psa_openstat_cpi_index_2018_2025_0012M4ACP09_2026-08-02.csv
2016Q1,growth_employment_gap,8.605,derived,psa_openstat_qna_gdp_growth_0062B5BPRQ2_2026-08-02.csv
2016Q2,underemployment_change_qoq,-1.327,derived,psa_openstat_lfs_underemployment_0021B3FKEI2_2026-08-02_part1.csv
2016Q2,underemployment_rate,18.273,observed,psa_openstat_lfs_underemployment_0021B3FKEI2_2026-08-02_part1.csv
2016Q2,unemployment_rate,6.064,observed,psa_openstat_lfs_underemployment_0021B3FKEI2_2026-08-02_part1.csv
2016Q2,employment_rate,93.936,observed,psa_openstat_lfs_underemployment_0021B3FKEI2_2026-08-02_part1.csv
2016Q2,lfpr,63.505,observed,psa_openstat_lfs_underemployment_0021B3FKEI2_2026-08-02_part1.csv
2016Q2,underemployment_change_yoy,0.44,derived,psa_openstat_lfs_underemployment_0021B3FKEI2_2026-08-02_part1.csv
2016Q2,gdp_growth_yoy,7.4,observed,psa_openstat_qna_gdp_growth_0062B5BPRQ2_2026-08-02.csv
2016Q2,gdp_growth_yoy_accel,0.5,derived,psa_openstat_qna_gdp_growth_0062B5BPRQ2_2026-08-02.csv
2016Q2,gdp_level,4.14019e+06,observed,psa_openstat_qna_gdp_levels_0052B5BPRQ1_2026-08-02.csv
2016Q2,gdp_growth_qoq,11.215,derived,psa_openstat_qna_gdp_levels_0052B5BPRQ1_2026-08-02.csv
2016Q2,cpi_index,92.0432,derived,psa_openstat_cpi_index_2018_2025_0012M4ACP09_2026-08-02.csv
2016Q2,inflation_yoy,0.9663,derived,psa_openstat_cpi_index_2018_2025_0012M4ACP09_2026-08-02.csv
2016Q2,inflation_yoy_accel,0.3735,derived,psa_openstat_cpi_index_2018_2025_0012M4ACP09_2026-08-02.csv
2016Q2,growth_employment_gap,7.84,derived,psa_openstat_qna_gdp_growth_0062B5BPRQ2_2026-08-02.csv
2016Q3,underemployment_change_qoq,-0.852,derived,psa_openstat_lfs_underemployment_0021B3FKEI2_2026-08-02_part1.csv
2016Q3,underemployment_rate,17.421,observed,psa_openstat_lfs_underemployment_0021B3FKEI2_2026-08-02_part1.csv
2016Q3,unemployment_rate,5.388,observed,psa_openstat_lfs_underemployment_0021B3FKEI2_2026-08-02_part1.csv
2016Q3,employment_rate,94.612,observed,psa_openstat_lfs_underemployment_0021B3FKEI2_2026-08-02_part1.csv
2016Q3,lfpr,63.244,observed,psa_openstat_lfs_underemployment_0021B3FKEI2_2026-08-02_part1.csv
2016Q3,underemployment_change_yoy,-3.561,derived,psa_openstat_lfs_underemployment_0021B3FKEI2_2026-08-02_part1.csv
2016Q3,gdp_growth_yoy,7.3,observed,psa_openstat_qna_gdp_growth_0062B5BPRQ2_2026-08-02.csv
2016Q3,gdp_growth_yoy_accel,-0.1,derived,psa_openstat_qna_gdp_growth_0062B5BPRQ2_2026-08-02.csv
2016Q3,gdp_level,3.85248e+06,observed,psa_openstat_qna_gdp_levels_0052B5BPRQ1_2026-08-02.csv
2016Q3,gdp_growth_qoq,-6.949,derived,psa_openstat_qna_gdp_levels_0052B5BPRQ1_2026-08-02.csv
2016Q3,cpi_index,92.5547,derived,psa_openstat_cpi_index_2018_2025_0012M4ACP09_2026-08-02.csv
2016Q3,inflation_yoy,1.4326,derived,psa_openstat_cpi_index_2018_2025_0012M4ACP09_2026-08-02.csv
2016Q3,inflation_yoy_accel,0.4662,derived,psa_openstat_cpi_index_2018_2025_0012M4ACP09_2026-08-02.csv
2016Q3,growth_employment_gap,3.739,derived,psa_openstat_qna_gdp_growth_0062B5BPRQ2_2026-08-02.csv
2016Q4,underemployment_change_qoq,0.595,derived,psa_openstat_lfs_underemployment_0021B3FKEI2_2026-08-02_part1.csv
2016Q4,underemployment_rate,18.016,observed,psa_openstat_lfs_underemployment_0021B3FKEI2_2026-08-02_part1.csv
2016Q4,unemployment_rate,4.665,observed,psa_openstat_lfs_underemployment_0021B3FKEI2_2026-08-02_part1.csv
2016Q4,employment_rate,95.335,observed,psa_openstat_lfs_underemployment_0021B3FKEI2_2026-08-02_part1.csv
2016Q4,lfpr,63.606,observed,psa_openstat_lfs_underemployment_0021B3FKEI2_2026-08-02_part1.csv
2016Q4,underemployment_change_yoy,0.366,derived,psa_openstat_lfs_underemployment_0021B3FKEI2_2026-08-02_part1.csv
2016Q4,gdp_growth_yoy,6.9,observed,psa_openstat_qna_gdp_growth_0062B5BPRQ2_2026-08-02.csv
2016Q4,gdp_growth_yoy_accel,-0.4,derived,psa_openstat_qna_gdp_growth_0062B5BPRQ2_2026-08-02.csv
2016Q4,gdp_level,4.34732e+06,observed,psa_openstat_qna_gdp_levels_0052B5BPRQ1_2026-08-02.csv
2016Q4,gdp_growth_qoq,12.8446,derived,psa_openstat_qna_gdp_levels_0052B5BPRQ1_2026-08-02.csv
2016Q4,cpi_index,93.2935,derived,psa_openstat_cpi_index_2018_2025_0012M4ACP09_2026-08-02.csv
2016Q4,inflation_yoy,2.0199,derived,psa_openstat_cpi_index_2018_2025_0012M4ACP09_2026-08-02.csv
2016Q4,inflation_yoy_accel,0.5873,derived,psa_openstat_cpi_index_2018_2025_0012M4ACP09_2026-08-02.csv
2016Q4,growth_employment_gap,7.266,derived,psa_openstat_qna_gdp_growth_0062B5BPRQ2_2026-08-02.csv
2017Q1,underemployment_change_qoq,-1.756,derived,psa_openstat_lfs_underemployment_0021B3FKEI2_2026-08-02_part1.csv
2017Q1,underemployment_rate,16.26,observed,psa_openstat_lfs_underemployment_0021B3FKEI2_2026-08-02_part1.csv
2017Q1,unemployment_rate,6.558,observed,psa_openstat_lfs_underemployment_0021B3FKEI2_2026-08-02_part1.csv
2017Q1,employment_rate,93.442,observed,psa_openstat_lfs_underemployment_0021B3FKEI2_2026-08-02_part1.csv
2017Q1,lfpr,60.664,observed,psa_openstat_lfs_underemployment_0021B3FKEI2_2026-08-02_part1.csv
2017Q1,underemployment_change_yoy,-3.34,derived,psa_openstat_lfs_underemployment_0021B3FKEI2_2026-08-02_part1.csv
2017Q1,gdp_growth_yoy,6.4,observed,psa_openstat_qna_gdp_growth_0062B5BPRQ2_2026-08-02.csv
2017Q1,gdp_growth_yoy_accel,-0.5,derived,psa_openstat_qna_gdp_growth_0062B5BPRQ2_2026-08-02.csv
2017Q1,gdp_level,3.95998e+06,observed,psa_openstat_qna_gdp_levels_0052B5BPRQ1_2026-08-02.csv
2017Q1,gdp_growth_qoq,-8.9099,derived,psa_openstat_qna_gdp_levels_0052B5BPRQ1_2026-08-02.csv
2017Q1,cpi_index,94.2597,derived,psa_openstat_cpi_index_2018_2025_0012M4ACP09_2026-08-02.csv
2017Q1,inflation_yoy,2.8846,derived,psa_openstat_cpi_index_2018_2025_0012M4ACP09_2026-08-02.csv
2017Q1,inflation_yoy_accel,0.8647,derived,psa_openstat_cpi_index_2018_2025_0012M4ACP09_2026-08-02.csv
2017Q1,growth_employment_gap,3.06,derived,psa_openstat_qna_gdp_growth_0062B5BPRQ2_2026-08-02.csv
2017Q2,underemployment_change_qoq,-0.198,derived,psa_openstat_lfs_underemployment_0021B3FKEI2_2026-08-02_part1.csv
2017Q2,underemployment_rate,16.062,observed,psa_openstat_lfs_underemployment_0021B3FKEI2_2026-08-02_part1.csv
2017Q2,unemployment_rate,5.719,observed,psa_openstat_lfs_underemployment_0021B3FKEI2_2026-08-02_part1.csv
2017Q2,employment_rate,94.281,observed,psa_openstat_lfs_underemployment_0021B3FKEI2_2026-08-02_part1.csv
2017Q2,lfpr,61.366,observed,psa_openstat_lfs_underemployment_0021B3FKEI2_2026-08-02_part1.csv
2017Q2,underemployment_change_yoy,-2.211,derived,psa_openstat_lfs_underemployment_0021B3FKEI2_2026-08-02_part1.csv
2017Q2,gdp_growth_yoy,7.2,observed,psa_openstat_qna_gdp_growth_0062B5BPRQ2_2026-08-02.csv
2017Q2,gdp_growth_yoy_accel,0.8,derived,psa_openstat_qna_gdp_growth_0062B5BPRQ2_2026-08-02.csv
2017Q2,gdp_level,4.43733e+06,observed,psa_openstat_qna_gdp_levels_0052B5BPRQ1_2026-08-02.csv
2017Q2,gdp_growth_qoq,12.0545,derived,psa_openstat_qna_gdp_levels_0052B5BPRQ1_2026-08-02.csv
2017Q2,cpi_index,94.6576,derived,psa_openstat_cpi_index_2018_2025_0012M4ACP09_2026-08-02.csv
2017Q2,inflation_yoy,2.8404,derived,psa_openstat_cpi_index_2018_2025_0012M4ACP09_2026-08-02.csv
2017Q2,inflation_yoy_accel,-0.0442,derived,psa_openstat_cpi_index_2018_2025_0012M4ACP09_2026-08-02.csv
2017Q2,growth_employment_gap,4.989,derived,psa_openstat_qna_gdp_growth_0062B5BPRQ2_2026-08-02.csv
2017Q3,underemployment_change_qoq,0.221,derived,psa_openstat_lfs_underemployment_0021B3FKEI2_2026-08-02_part1.csv
2017Q3,underemployment_rate,16.283,observed,psa_openstat_lfs_underemployment_0021B3FKEI2_2026-08-02_part1.csv
2017Q3,unemployment_rate,5.578,observed,psa_openstat_lfs_underemployment_0021B3FKEI2_2026-08-02_part1.csv
2017Q3,employment_rate,94.422,observed,psa_openstat_lfs_underemployment_0021B3FKEI2_2026-08-02_part1.csv
2017Q3,lfpr,60.636,observed,psa_openstat_lfs_underemployment_0021B3FKEI2_2026-08-02_part1.csv
2017Q3,underemployment_change_yoy,-1.138,derived,psa_openstat_lfs_underemployment_0021B3FKEI2_2026-08-02_part1.csv
2017Q3,gdp_growth_yoy,7.5,observed,psa_openstat_qna_gdp_growth_0062B5BPRQ2_2026-08-02.csv
2017Q3,gdp_growth_yoy_accel,0.3,derived,psa_openstat_qna_gdp_growth_0062B5BPRQ2_2026-08-02.csv
2017Q3,gdp_level,4.14264e+06,observed,psa_openstat_qna_gdp_levels_0052B5BPRQ1_2026-08-02.csv
2017Q3,gdp_growth_qoq,-6.6413,derived,psa_openstat_qna_gdp_levels_0052B5BPRQ1_2026-08-02.csv
2017Q3,cpi_index,95.027,derived,psa_openstat_cpi_index_2018_2025_0012M4ACP09_2026-08-02.csv
2017Q3,inflation_yoy,2.6712,derived,psa_openstat_cpi_index_2018_2025_0012M4ACP09_2026-08-02.csv
2017Q3,inflation_yoy_accel,-0.1692,derived,psa_openstat_cpi_index_2018_2025_0012M4ACP09_2026-08-02.csv
2017Q3,growth_employment_gap,6.362,derived,psa_openstat_qna_gdp_growth_0062B5BPRQ2_2026-08-02.csv
2017Q4,underemployment_change_qoq,-0.36,derived,psa_openstat_lfs_underemployment_0021B3FKEI2_2026-08-02_part1.csv
2017Q4,underemployment_rate,15.923,observed,psa_openstat_lfs_underemployment_0021B3FKEI2_2026-08-02_part1.csv
2017Q4,unemployment_rate,4.997,observed,psa_openstat_lfs_underemployment_0021B3FKEI2_2026-08-02_part1.csv
2017Q4,employment_rate,95.003,observed,psa_openstat_lfs_underemployment_0021B3FKEI2_2026-08-02_part1.csv
2017Q4,lfpr,62.136,observed,psa_openstat_lfs_underemployment_0021B3FKEI2_2026-08-02_part1.csv
2017Q4,underemployment_change_yoy,-2.093,derived,psa_openstat_lfs_underemployment_0021B3FKEI2_2026-08-02_part1.csv
2017Q4,gdp_growth_yoy,6.6,observed,psa_openstat_qna_gdp_growth_0062B5BPRQ2_2026-08-02.csv
2017Q4,gdp_growth_yoy_accel,-0.9,derived,psa_openstat_qna_gdp_growth_0062B5BPRQ2_2026-08-02.csv
2017Q4,gdp_level,4.63603e+06,observed,psa_openstat_qna_gdp_levels_0052B5BPRQ1_2026-08-02.csv
2017Q4,gdp_growth_qoq,11.9102,derived,psa_openstat_qna_gdp_levels_0052B5BPRQ1_2026-08-02.csv
2017Q4,cpi_index,96.1068,derived,psa_openstat_cpi_index_2018_2025_0012M4ACP09_2026-08-02.csv
2017Q4,inflation_yoy,3.0155,derived,psa_openstat_cpi_index_2018_2025_0012M4ACP09_2026-08-02.csv
2017Q4,inflation_yoy_accel,0.3444,derived,psa_openstat_cpi_index_2018_2025_0012M4ACP09_2026-08-02.csv
2017Q4,growth_employment_gap,4.507,derived,psa_openstat_qna_gdp_growth_0062B5BPRQ2_2026-08-02.csv
2018Q1,underemployment_change_qoq,2.033,derived,psa_openstat_lfs_underemployment_0021B3FKEI2_2026-08-02_part1.csv
2018Q1,underemployment_rate,17.956,observed,psa_openstat_lfs_underemployment_0021B3FKEI2_2026-08-02_part1.csv
2018Q1,unemployment_rate,5.264,observed,psa_openstat_lfs_underemployment_0021B3FKEI2_2026-08-02_part1.csv
2018Q1,employment_rate,94.736,observed,psa_openstat_lfs_underemployment_0021B3FKEI2_2026-08-02_part1.csv
2018Q1,lfpr,62.168,observed,psa_openstat_lfs_underemployment_0021B3FKEI2_2026-08-02_part1.csv
2018Q1,underemployment_change_yoy,1.696,derived,psa_openstat_lfs_underemployment_0021B3FKEI2_2026-08-02_part1.csv
2018Q1,gdp_growth_yoy,6.5,observed,psa_openstat_qna_gdp_growth_0062B5BPRQ2_2026-08-02.csv
2018Q1,gdp_growth_yoy_accel,-0.1,derived,psa_openstat_qna_gdp_growth_0062B5BPRQ2_2026-08-02.csv
2018Q1,gdp_level,4.21558e+06,observed,psa_openstat_qna_gdp_levels_0052B5BPRQ1_2026-08-02.csv
2018Q1,gdp_growth_qoq,-9.0693,derived,psa_openstat_qna_gdp_levels_0052B5BPRQ1_2026-08-02.csv
2018Q1,cpi_index,97.8333,derived,psa_openstat_cpi_index_2018_2025_0012M4ACP09_2026-08-02.csv
2018Q1,inflation_yoy,3.7912,derived,psa_openstat_cpi_index_2018_2025_0012M4ACP09_2026-08-02.csv
2018Q1,inflation_yoy_accel,0.7757,derived,psa_openstat_cpi_index_2018_2025_0012M4ACP09_2026-08-02.csv
2018Q1,growth_employment_gap,8.196,derived,psa_openstat_qna_gdp_growth_0062B5BPRQ2_2026-08-02.csv
2018Q2,underemployment_change_qoq,-0.998,derived,psa_openstat_lfs_underemployment_0021B3FKEI2_2026-08-02_part1.csv
2018Q2,underemployment_rate,16.958,observed,psa_openstat_lfs_underemployment_0021B3FKEI2_2026-08-02_part1.csv
2018Q2,unemployment_rate,5.457,observed,psa_openstat_lfs_underemployment_0021B3FKEI2_2026-08-02_part1.csv
2018Q2,employment_rate,94.543,observed,psa_openstat_lfs_underemployment_0021B3FKEI2_2026-08-02_part1.csv
2018Q2,lfpr,60.913,observed,psa_openstat_lfs_underemployment_0021B3FKEI2_2026-08-02_part1.csv
2018Q2,underemployment_change_yoy,0.896,derived,psa_openstat_lfs_underemployment_0021B3FKEI2_2026-08-02_part1.csv
2018Q2,gdp_growth_yoy,6.4,observed,psa_openstat_qna_gdp_growth_0062B5BPRQ2_2026-08-02.csv
2018Q2,gdp_growth_yoy_accel,-0.1,derived,psa_openstat_qna_gdp_growth_0062B5BPRQ2_2026-08-02.csv
2018Q2,gdp_level,4.72038e+06,observed,psa_openstat_qna_gdp_levels_0052B5BPRQ1_2026-08-02.csv
2018Q2,gdp_growth_qoq,11.9748,derived,psa_openstat_qna_gdp_levels_0052B5BPRQ1_2026-08-02.csv
2018Q2,cpi_index,99.0667,derived,psa_openstat_cpi_index_2018_2025_0012M4ACP09_2026-08-02.csv
2018Q2,inflation_yoy,4.6579,derived,psa_openstat_cpi_index_2018_2025_0012M4ACP09_2026-08-02.csv
2018Q2,inflation_yoy_accel,0.8667,derived,psa_openstat_cpi_index_2018_2025_0012M4ACP09_2026-08-02.csv
2018Q2,growth_employment_gap,7.296,derived,psa_openstat_qna_gdp_growth_0062B5BPRQ2_2026-08-02.csv
2018Q3,underemployment_change_qoq,0.269,derived,psa_openstat_lfs_underemployment_0021B3FKEI2_2026-08-02_part1.csv
2018Q3,underemployment_rate,17.227,observed,psa_openstat_lfs_underemployment_0021B3FKEI2_2026-08-02_part1.csv
2018Q3,unemployment_rate,5.42,observed,psa_openstat_lfs_underemployment_0021B3FKEI2_2026-08-02_part1.csv
2018Q3,employment_rate,94.58,observed,psa_openstat_lfs_underemployment_0021B3FKEI2_2026-08-02_part1.csv
2018Q3,lfpr,60.059,observed,psa_openstat_lfs_underemployment_0021B3FKEI2_2026-08-02_part1.csv
2018Q3,underemployment_change_yoy,0.944,derived,psa_openstat_lfs_underemployment_0021B3FKEI2_2026-08-02_part1.csv
2018Q3,gdp_growth_yoy,6.1,observed,psa_openstat_qna_gdp_growth_0062B5BPRQ2_2026-08-02.csv
2018Q3,gdp_growth_yoy_accel,-0.3,derived,psa_openstat_qna_gdp_growth_0062B5BPRQ2_2026-08-02.csv
2018Q3,gdp_level,4.39724e+06,observed,psa_openstat_qna_gdp_levels_0052B5BPRQ1_2026-08-02.csv
2018Q3,gdp_growth_qoq,-6.8457,derived,psa_openstat_qna_gdp_levels_0052B5BPRQ1_2026-08-02.csv
2018Q3,cpi_index,101.133,derived,psa_openstat_cpi_index_2018_2025_0012M4ACP09_2026-08-02.csv
2018Q3,inflation_yoy,6.4259,derived,psa_openstat_cpi_index_2018_2025_0012M4ACP09_2026-08-02.csv
2018Q3,inflation_yoy_accel,1.768,derived,psa_openstat_cpi_index_2018_2025_0012M4ACP09_2026-08-02.csv
2018Q3,growth_employment_gap,7.044,derived,psa_openstat_qna_gdp_growth_0062B5BPRQ2_2026-08-02.csv
2018Q4,underemployment_change_qoq,-3.914,derived,psa_openstat_lfs_underemployment_0021B3FKEI2_2026-08-02_part1.csv
2018Q4,underemployment_rate,13.313,observed,psa_openstat_lfs_underemployment_0021B3FKEI2_2026-08-02_part1.csv
2018Q4,unemployment_rate,5.062,observed,psa_openstat_lfs_underemployment_0021B3FKEI2_2026-08-02_part1.csv
2018Q4,employment_rate,94.938,observed,psa_openstat_lfs_underemployment_0021B3FKEI2_2026-08-02_part1.csv
2018Q4,lfpr,60.553,observed,psa_openstat_lfs_underemployment_0021B3FKEI2_2026-08-02_part1.csv
2018Q4,underemployment_change_yoy,-2.61,derived,psa_openstat_lfs_underemployment_0021B3FKEI2_2026-08-02_part1.csv
2018Q4,gdp_growth_yoy,6.4,observed,psa_openstat_qna_gdp_growth_0062B5BPRQ2_2026-08-02.csv
2018Q4,gdp_growth_yoy_accel,0.3,derived,psa_openstat_qna_gdp_growth_0062B5BPRQ2_2026-08-02.csv
2018Q4,gdp_level,4.93199e+06,observed,psa_openstat_qna_gdp_levels_0052B5BPRQ1_2026-08-02.csv
2018Q4,gdp_growth_qoq,12.161,derived,psa_openstat_qna_gdp_levels_0052B5BPRQ1_2026-08-02.csv
2018Q4,cpi_index,101.9,derived,psa_openstat_cpi_index_2018_2025_0012M4ACP09_2026-08-02.csv
2018Q4,inflation_yoy,6.0278,derived,psa_openstat_cpi_index_2018_2025_0012M4ACP09_2026-08-02.csv
2018Q4,inflation_yoy_accel,-0.3981,derived,psa_openstat_cpi_index_2018_2025_0012M4ACP09_2026-08-02.csv
2018Q4,growth_employment_gap,3.79,derived,psa_openstat_qna_gdp_growth_0062B5BPRQ2_2026-08-02.csv
2019Q1,underemployment_change_qoq,2.105,derived,psa_openstat_lfs_underemployment_0021B3FKEI2_2026-08-02_part1.csv
2019Q1,underemployment_rate,15.418,observed,psa_openstat_lfs_underemployment_0021B3FKEI2_2026-08-02_part1.csv
2019Q1,unemployment_rate,5.29,observed,psa_openstat_lfs_underemployment_0021B3FKEI2_2026-08-02_part1.csv
2019Q1,employment_rate,94.71,observed,psa_openstat_lfs_underemployment_0021B3FKEI2_2026-08-02_part1.csv
2019Q1,lfpr,60.238,observed,psa_openstat_lfs_underemployment_0021B3FKEI2_2026-08-02_part1.csv
2019Q1,underemployment_change_yoy,-2.538,derived,psa_openstat_lfs_underemployment_0021B3FKEI2_2026-08-02_part1.csv
2019Q1,gdp_growth_yoy,5.9,observed,psa_openstat_qna_gdp_growth_0062B5BPRQ2_2026-08-02.csv
2019Q1,gdp_growth_yoy_accel,-0.5,derived,psa_openstat_qna_gdp_growth_0062B5BPRQ2_2026-08-02.csv
2019Q1,gdp_level,4.46319e+06,observed,psa_openstat_qna_gdp_levels_0052B5BPRQ1_2026-08-02.csv
2019Q1,gdp_growth_qoq,-9.5054,derived,psa_openstat_qna_gdp_levels_0052B5BPRQ1_2026-08-02.csv
2019Q1,cpi_index,101.6,derived,psa_openstat_cpi_index_2018_2025_0012M4ACP09_2026-08-02.csv
2019Q1,inflation_yoy,3.8501,derived,psa_openstat_cpi_index_2018_2025_0012M4ACP09_2026-08-02.csv
2019Q1,inflation_yoy_accel,-2.1777,derived,psa_openstat_cpi_index_2018_2025_0012M4ACP09_2026-08-02.csv
2019Q1,growth_employment_gap,3.362,derived,psa_openstat_qna_gdp_growth_0062B5BPRQ2_2026-08-02.csv
2019Q2,underemployment_change_qoq,-2.091,derived,psa_openstat_lfs_underemployment_0021B3FKEI2_2026-08-02_part1.csv
2019Q2,underemployment_rate,13.327,observed,psa_openstat_lfs_underemployment_0021B3FKEI2_2026-08-02_part1.csv
2019Q2,unemployment_rate,5.151,observed,psa_openstat_lfs_underemployment_0021B3FKEI2_2026-08-02_part1.csv
2019Q2,employment_rate,94.849,observed,psa_openstat_lfs_underemployment_0021B3FKEI2_2026-08-02_part1.csv
2019Q2,lfpr,61.34,observed,psa_openstat_lfs_underemployment_0021B3FKEI2_2026-08-02_part1.csv
2019Q2,underemployment_change_yoy,-3.631,derived,psa_openstat_lfs_underemployment_0021B3FKEI2_2026-08-02_part1.csv
2019Q2,gdp_growth_yoy,5.6,observed,psa_openstat_qna_gdp_growth_0062B5BPRQ2_2026-08-02.csv
2019Q2,gdp_growth_yoy_accel,-0.3,derived,psa_openstat_qna_gdp_growth_0062B5BPRQ2_2026-08-02.csv
2019Q2,gdp_level,4.98592e+06,observed,psa_openstat_qna_gdp_levels_0052B5BPRQ1_2026-08-02.csv
2019Q2,gdp_growth_qoq,11.7122,derived,psa_openstat_qna_gdp_levels_0052B5BPRQ1_2026-08-02.csv
2019Q2,cpi_index,102.1,derived,psa_openstat_cpi_index_2018_2025_0012M4ACP09_2026-08-02.csv
2019Q2,inflation_yoy,3.0619,derived,psa_openstat_cpi_index_2018_2025_0012M4ACP09_2026-08-02.csv
2019Q2,inflation_yoy_accel,-0.7882,derived,psa_openstat_cpi_index_2018_2025_0012M4ACP09_2026-08-02.csv
2019Q2,growth_employment_gap,1.969,derived,psa_openstat_qna_gdp_growth_0062B5BPRQ2_2026-08-02.csv
2019Q3,underemployment_change_qoq,0.31,derived,psa_openstat_lfs_underemployment_0021B3FKEI2_2026-08-02_part1.csv
2019Q3,underemployment_rate,13.637,observed,psa_openstat_lfs_underemployment_0021B3FKEI2_2026-08-02_part1.csv
2019Q3,unemployment_rate,5.421,observed,psa_openstat_lfs_underemployment_0021B3FKEI2_2026-08-02_part1.csv
2019Q3,employment_rate,94.579,observed,psa_openstat_lfs_underemployment_0021B3FKEI2_2026-08-02_part1.csv
2019Q3,lfpr,62.059,observed,psa_openstat_lfs_underemployment_0021B3FKEI2_2026-08-02_part1.csv
2019Q3,underemployment_change_yoy,-3.59,derived,psa_openstat_lfs_underemployment_0021B3FKEI2_2026-08-02_part1.csv
2019Q3,gdp_growth_yoy,6.3,observed,psa_openstat_qna_gdp_growth_0062B5BPRQ2_2026-08-02.csv
2019Q3,gdp_growth_yoy_accel,0.7,derived,psa_openstat_qna_gdp_growth_0062B5BPRQ2_2026-08-02.csv
2019Q3,gdp_level,4.67554e+06,observed,psa_openstat_qna_gdp_levels_0052B5BPRQ1_2026-08-02.csv
2019Q3,gdp_growth_qoq,-6.2251,derived,psa_openstat_qna_gdp_levels_0052B5BPRQ1_2026-08-02.csv
2019Q3,cpi_index,102.5,derived,psa_openstat_cpi_index_2018_2025_0012M4ACP09_2026-08-02.csv
2019Q3,inflation_yoy,1.3514,derived,psa_openstat_cpi_index_2018_2025_0012M4ACP09_2026-08-02.csv
2019Q3,inflation_yoy_accel,-1.7106,derived,psa_openstat_cpi_index_2018_2025_0012M4ACP09_2026-08-02.csv
2019Q3,growth_employment_gap,2.71,derived,psa_openstat_qna_gdp_growth_0062B5BPRQ2_2026-08-02.csv
2019Q4,underemployment_change_qoq,-0.853,derived,psa_openstat_lfs_underemployment_0021B3FKEI2_2026-08-02_part1.csv
2019Q4,underemployment_rate,12.784,observed,psa_openstat_lfs_underemployment_0021B3FKEI2_2026-08-02_part1.csv
2019Q4,unemployment_rate,4.588,observed,psa_openstat_lfs_underemployment_0021B3FKEI2_2026-08-02_part1.csv
2019Q4,employment_rate,95.412,observed,psa_openstat_lfs_underemployment_0021B3FKEI2_2026-08-02_part1.csv
2019Q4,lfpr,61.405,observed,psa_openstat_lfs_underemployment_0021B3FKEI2_2026-08-02_part1.csv
2019Q4,underemployment_change_yoy,-0.529,derived,psa_openstat_lfs_underemployment_0021B3FKEI2_2026-08-02_part1.csv
2019Q4,gdp_growth_yoy,6.6,observed,psa_openstat_qna_gdp_growth_0062B5BPRQ2_2026-08-02.csv
2019Q4,gdp_growth_yoy_accel,0.3,derived,psa_openstat_qna_gdp_growth_0062B5BPRQ2_2026-08-02.csv
2019Q4,gdp_level,5.2581e+06,observed,psa_openstat_qna_gdp_levels_0052B5BPRQ1_2026-08-02.csv
2019Q4,gdp_growth_qoq,12.4596,derived,psa_openstat_qna_gdp_levels_0052B5BPRQ1_2026-08-02.csv
2019Q4,cpi_index,103.3,derived,psa_openstat_cpi_index_2018_2025_0012M4ACP09_2026-08-02.csv
2019Q4,inflation_yoy,1.3739,derived,psa_openstat_cpi_index_2018_2025_0012M4ACP09_2026-08-02.csv
2019Q4,inflation_yoy_accel,0.0225,derived,psa_openstat_cpi_index_2018_2025_0012M4ACP09_2026-08-02.csv
2019Q4,growth_employment_gap,6.071,derived,psa_openstat_qna_gdp_growth_0062B5BPRQ2_2026-08-02.csv
2020Q1,underemployment_change_qoq,2.022,derived,psa_openstat_lfs_underemployment_0021B3FKEI2_2026-08-02_part1.csv
2020Q1,underemployment_rate,14.806,observed,psa_openstat_lfs_underemployment_0021B3FKEI2_2026-08-02_part1.csv
2020Q1,unemployment_rate,5.322,observed,psa_openstat_lfs_underemployment_0021B3FKEI2_2026-08-02_part1.csv
2020Q1,employment_rate,94.678,observed,psa_openstat_lfs_underemployment_0021B3FKEI2_2026-08-02_part1.csv
2020Q1,lfpr,61.688,observed,psa_openstat_lfs_underemployment_0021B3FKEI2_2026-08-02_part1.csv
2020Q1,underemployment_change_yoy,-0.612,derived,psa_openstat_lfs_underemployment_0021B3FKEI2_2026-08-02_part1.csv
2020Q1,gdp_growth_yoy,-0.7,observed,psa_openstat_qna_gdp_growth_0062B5BPRQ2_2026-08-02.csv
2020Q1,gdp_growth_yoy_accel,-7.3,derived,psa_openstat_qna_gdp_growth_0062B5BPRQ2_2026-08-02.csv
2020Q1,gdp_level,4.43381e+06,observed,psa_openstat_qna_gdp_levels_0052B5BPRQ1_2026-08-02.csv
2020Q1,gdp_growth_qoq,-15.6766,derived,psa_openstat_qna_gdp_levels_0052B5BPRQ1_2026-08-02.csv
2020Q1,cpi_index,104.167,derived,psa_openstat_cpi_index_2018_2025_0012M4ACP09_2026-08-02.csv
2020Q1,inflation_yoy,2.5262,derived,psa_openstat_cpi_index_2018_2025_0012M4ACP09_2026-08-02.csv
2020Q1,inflation_yoy_accel,1.1524,derived,psa_openstat_cpi_index_2018_2025_0012M4ACP09_2026-08-02.csv
2020Q1,growth_employment_gap,-1.312,derived,psa_openstat_qna_gdp_growth_0062B5BPRQ2_2026-08-02.csv
2020Q2,underemployment_change_qoq,4.106,derived,psa_openstat_lfs_underemployment_0021B3FKEI2_2026-08-02_part1.csv
2020Q2,underemployment_rate,18.912,observed,psa_openstat_lfs_underemployment_0021B3FKEI2_2026-08-02_part1.csv
2020Q2,unemployment_rate,17.605,observed,psa_openstat_lfs_underemployment_0021B3FKEI2_2026-08-02_part1.csv
2020Q2,employment_rate,82.395,observed,psa_openstat_lfs_underemployment_0021B3FKEI2_2026-08-02_part1.csv
2020Q2,lfpr,55.693,observed,psa_openstat_lfs_underemployment_0021B3FKEI2_2026-08-02_part1.csv
2020Q2,underemployment_change_yoy,5.585,derived,psa_openstat_lfs_underemployment_0021B3FKEI2_2026-08-02_part1.csv
2020Q2,gdp_growth_yoy,-16.9,observed,psa_openstat_qna_gdp_growth_0062B5BPRQ2_2026-08-02.csv
2020Q2,gdp_growth_yoy_accel,-16.2,derived,psa_openstat_qna_gdp_growth_0062B5BPRQ2_2026-08-02.csv
2020Q2,gdp_level,4.14294e+06,observed,psa_openstat_qna_gdp_levels_0052B5BPRQ1_2026-08-02.csv
2020Q2,gdp_growth_qoq,-6.5601,derived,psa_openstat_qna_gdp_levels_0052B5BPRQ1_2026-08-02.csv
2020Q2,cpi_index,104,derived,psa_openstat_cpi_index_2018_2025_0012M4ACP09_2026-08-02.csv
2020Q2,inflation_yoy,1.8609,derived,psa_openstat_cpi_index_2018_2025_0012M4ACP09_2026-08-02.csv
2020Q2,inflation_yoy_accel,-0.6653,derived,psa_openstat_cpi_index_2018_2025_0012M4ACP09_2026-08-02.csv
2020Q2,growth_employment_gap,-11.315,derived,psa_openstat_qna_gdp_growth_0062B5BPRQ2_2026-08-02.csv
2020Q3,underemployment_change_qoq,-1.634,derived,psa_openstat_lfs_underemployment_0021B3FKEI2_2026-08-02_part1.csv
2020Q3,underemployment_rate,17.278,observed,psa_openstat_lfs_underemployment_0021B3FKEI2_2026-08-02_part1.csv
2020Q3,unemployment_rate,9.961,observed,psa_openstat_lfs_underemployment_0021B3FKEI2_2026-08-02_part1.csv
2020Q3,employment_rate,90.039,observed,psa_openstat_lfs_underemployment_0021B3FKEI2_2026-08-02_part1.csv
2020Q3,lfpr,61.937,observed,psa_openstat_lfs_underemployment_0021B3FKEI2_2026-08-02_part1.csv
2020Q3,underemployment_change_yoy,3.641,derived,psa_openstat_lfs_underemployment_0021B3FKEI2_2026-08-02_part1.csv
2020Q3,gdp_growth_yoy,-11.6,observed,psa_openstat_qna_gdp_growth_0062B5BPRQ2_2026-08-02.csv
2020Q3,gdp_growth_yoy_accel,5.3,derived,psa_openstat_qna_gdp_growth_0062B5BPRQ2_2026-08-02.csv
2020Q3,gdp_level,4.1355e+06,observed,psa_openstat_qna_gdp_levels_0052B5BPRQ1_2026-08-02.csv
2020Q3,gdp_growth_qoq,-0.1797,derived,psa_openstat_qna_gdp_levels_0052B5BPRQ1_2026-08-02.csv
2020Q3,cpi_index,104.867,derived,psa_openstat_cpi_index_2018_2025_0012M4ACP09_2026-08-02.csv
2020Q3,inflation_yoy,2.3089,derived,psa_openstat_cpi_index_2018_2025_0012M4ACP09_2026-08-02.csv
2020Q3,inflation_yoy_accel,0.448,derived,psa_openstat_cpi_index_2018_2025_0012M4ACP09_2026-08-02.csv
2020Q3,growth_employment_gap,-7.959,derived,psa_openstat_qna_gdp_growth_0062B5BPRQ2_2026-08-02.csv
2020Q4,underemployment_change_qoq,-2.851,derived,psa_openstat_lfs_underemployment_0021B3FKEI2_2026-08-02_part1.csv
2020Q4,underemployment_rate,14.427,observed,psa_openstat_lfs_underemployment_0021B3FKEI2_2026-08-02_part1.csv
2020Q4,unemployment_rate,8.735,observed,psa_openstat_lfs_underemployment_0021B3FKEI2_2026-08-02_part1.csv
2020Q4,employment_rate,91.265,observed,psa_openstat_lfs_underemployment_0021B3FKEI2_2026-08-02_part1.csv
2020Q4,lfpr,58.742,observed,psa_openstat_lfs_underemployment_0021B3FKEI2_2026-08-02_part1.csv
2020Q4,underemployment_change_yoy,1.643,derived,psa_openstat_lfs_underemployment_0021B3FKEI2_2026-08-02_part1.csv
2020Q4,gdp_growth_yoy,-8.2,observed,psa_openstat_qna_gdp_growth_0062B5BPRQ2_2026-08-02.csv
2020Q4,gdp_growth_yoy_accel,3.4,derived,psa_openstat_qna_gdp_growth_0062B5BPRQ2_2026-08-02.csv
2020Q4,gdp_level,4.8256e+06,observed,psa_openstat_qna_gdp_levels_0052B5BPRQ1_2026-08-02.csv
2020Q4,gdp_growth_qoq,16.6872,derived,psa_openstat_qna_gdp_levels_0052B5BPRQ1_2026-08-02.csv
2020Q4,cpi_index,106.267,derived,psa_openstat_cpi_index_2018_2025_0012M4ACP09_2026-08-02.csv
2020Q4,inflation_yoy,2.8719,derived,psa_openstat_cpi_index_2018_2025_0012M4ACP09_2026-08-02.csv
2020Q4,inflation_yoy_accel,0.563,derived,psa_openstat_cpi_index_2018_2025_0012M4ACP09_2026-08-02.csv
2020Q4,growth_employment_gap,-6.557,derived,psa_openstat_qna_gdp_growth_0062B5BPRQ2_2026-08-02.csv
2021Q1,underemployment_change_qoq,1.546,derived,psa_openstat_lfs_underemployment_0021B3FKEI2_2026-08-02_part1.csv
2021Q1,underemployment_rate,15.973,observed,psa_openstat_lfs_underemployment_0021B3FKEI2_2026-08-02_part1.csv
2021Q1,unemployment_rate,8.767,observed,psa_openstat_lfs_underemployment_0021B3FKEI2_2026-08-02_part1.csv
2021Q1,employment_rate,91.233,observed,psa_openstat_lfs_underemployment_0021B3FKEI2_2026-08-02_part1.csv
2021Q1,lfpr,60.498,observed,psa_openstat_lfs_underemployment_0021B3FKEI2_2026-08-02_part1.csv
2021Q1,underemployment_change_yoy,1.167,derived,psa_openstat_lfs_underemployment_0021B3FKEI2_2026-08-02_part1.csv
2021Q1,gdp_growth_yoy,-3.8,observed,psa_openstat_qna_gdp_growth_0062B5BPRQ2_2026-08-02.csv
2021Q1,gdp_growth_yoy_accel,4.4,derived,psa_openstat_qna_gdp_growth_0062B5BPRQ2_2026-08-02.csv
2021Q1,gdp_level,4.2668e+06,observed,psa_openstat_qna_gdp_levels_0052B5BPRQ1_2026-08-02.csv
2021Q1,gdp_growth_qoq,-11.5799,derived,psa_openstat_qna_gdp_levels_0052B5BPRQ1_2026-08-02.csv
2021Q1,cpi_index,108.367,derived,psa_openstat_cpi_index_2018_2025_0012M4ACP09_2026-08-02.csv
2021Q1,inflation_yoy,4.032,derived,psa_openstat_cpi_index_2018_2025_0012M4ACP09_2026-08-02.csv
2021Q1,inflation_yoy_accel,1.1601,derived,psa_openstat_cpi_index_2018_2025_0012M4ACP09_2026-08-02.csv
2021Q1,growth_employment_gap,-2.633,derived,psa_openstat_qna_gdp_growth_0062B5BPRQ2_2026-08-02.csv
2021Q2,underemployment_change_qoq,1.251,derived,psa_openstat_lfs_underemployment_0021B3FKEI2_2026-08-02_part1.csv
2021Q2,underemployment_rate,17.224,observed,psa_openstat_lfs_underemployment_0021B3FKEI2_2026-08-02_part1.csv
2021Q2,unemployment_rate,8.728,observed,psa_openstat_lfs_underemployment_0021B3FKEI2_2026-08-02_part1.csv
2021Q2,employment_rate,91.272,observed,psa_openstat_lfs_underemployment_0021B3FKEI2_2026-08-02_part1.csv
2021Q2,lfpr,63.234,observed,psa_openstat_lfs_underemployment_0021B3FKEI2_2026-08-02_part1.csv
2021Q2,underemployment_change_yoy,-1.688,derived,psa_openstat_lfs_underemployment_0021B3FKEI2_2026-08-02_part1.csv
2021Q2,gdp_growth_yoy,12,observed,psa_openstat_qna_gdp_growth_0062B5BPRQ2_2026-08-02.csv
2021Q2,gdp_growth_yoy_accel,15.8,derived,psa_openstat_qna_gdp_growth_0062B5BPRQ2_2026-08-02.csv
2021Q2,gdp_level,4.64182e+06,observed,psa_openstat_qna_gdp_levels_0052B5BPRQ1_2026-08-02.csv
2021Q2,gdp_growth_qoq,8.7895,derived,psa_openstat_qna_gdp_levels_0052B5BPRQ1_2026-08-02.csv
2021Q2,cpi_index,108.167,derived,psa_openstat_cpi_index_2018_2025_0012M4ACP09_2026-08-02.csv
2021Q2,inflation_yoy,4.0064,derived,psa_openstat_cpi_index_2018_2025_0012M4ACP09_2026-08-02.csv
2021Q2,inflation_yoy_accel,-0.0256,derived,psa_openstat_cpi_index_2018_2025_0012M4ACP09_2026-08-02.csv
2021Q2,growth_employment_gap,10.312,derived,psa_openstat_qna_gdp_growth_0062B5BPRQ2_2026-08-02.csv
2021Q3,underemployment_change_qoq,3.819,derived,psa_openstat_lfs_underemployment_0021B3FKEI2_2026-08-02_part1.csv
2021Q3,underemployment_rate,21.043,observed,psa_openstat_lfs_underemployment_0021B3FKEI2_2026-08-02_part1.csv
2021Q3,unemployment_rate,7.192,observed,psa_openstat_lfs_underemployment_0021B3FKEI2_2026-08-02_part1.csv
2021Q3,employment_rate,92.808,observed,psa_openstat_lfs_underemployment_0021B3FKEI2_2026-08-02_part1.csv
2021Q3,lfpr,59.412,observed,psa_openstat_lfs_underemployment_0021B3FKEI2_2026-08-02_part1.csv
2021Q3,underemployment_change_yoy,3.765,derived,psa_openstat_lfs_underemployment_0021B3FKEI2_2026-08-02_part1.csv
2021Q3,gdp_growth_yoy,7,observed,psa_openstat_qna_gdp_growth_0062B5BPRQ2_2026-08-02.csv
2021Q3,gdp_growth_yoy_accel,-5,derived,psa_openstat_qna_gdp_growth_0062B5BPRQ2_2026-08-02.csv
2021Q3,gdp_level,4.42663e+06,observed,psa_openstat_qna_gdp_levels_0052B5BPRQ1_2026-08-02.csv
2021Q3,gdp_growth_qoq,-4.636,derived,psa_openstat_qna_gdp_levels_0052B5BPRQ1_2026-08-02.csv
2021Q3,cpi_index,109.167,derived,psa_openstat_cpi_index_2018_2025_0012M4ACP09_2026-08-02.csv
2021Q3,inflation_yoy,4.1004,derived,psa_openstat_cpi_index_2018_2025_0012M4ACP09_2026-08-02.csv
2021Q3,inflation_yoy_accel,0.094,derived,psa_openstat_cpi_index_2018_2025_0012M4ACP09_2026-08-02.csv
2021Q3,growth_employment_gap,10.765,derived,psa_openstat_qna_gdp_growth_0062B5BPRQ2_2026-08-02.csv
2021Q4,underemployment_change_qoq,-4.97,derived,psa_openstat_lfs_underemployment_0021B3FKEI2_2026-08-02_part1.csv
2021Q4,underemployment_rate,16.073,observed,psa_openstat_lfs_underemployment_0021B3FKEI2_2026-08-02_part1.csv
2021Q4,unemployment_rate,7.404,observed,psa_openstat_lfs_underemployment_0021B3FKEI2_2026-08-02_part1.csv
2021Q4,employment_rate,92.596,observed,psa_openstat_lfs_underemployment_0021B3FKEI2_2026-08-02_part1.csv
2021Q4,lfpr,62.627,observed,psa_openstat_lfs_underemployment_0021B3FKEI2_2026-08-02_part1.csv
2021Q4,underemployment_change_yoy,1.646,derived,psa_openstat_lfs_underemployment_0021B3FKEI2_2026-08-02_part1.csv
2021Q4,gdp_growth_yoy,7.9,observed,psa_openstat_qna_gdp_growth_0062B5BPRQ2_2026-08-02.csv
2021Q4,gdp_growth_yoy_accel,0.9,derived,psa_openstat_qna_gdp_growth_0062B5BPRQ2_2026-08-02.csv
2021Q4,gdp_level,5.20483e+06,observed,psa_openstat_qna_gdp_levels_0052B5BPRQ1_2026-08-02.csv
2021Q4,gdp_growth_qoq,17.58,derived,psa_openstat_qna_gdp_levels_0052B5BPRQ1_2026-08-02.csv
2021Q4,cpi_index,110.067,derived,psa_openstat_cpi_index_2018_2025_0012M4ACP09_2026-08-02.csv
2021Q4,inflation_yoy,3.5759,derived,psa_openstat_cpi_index_2018_2025_0012M4ACP09_2026-08-02.csv
2021Q4,inflation_yoy_accel,-0.5245,derived,psa_openstat_cpi_index_2018_2025_0012M4ACP09_2026-08-02.csv
2021Q4,growth_employment_gap,9.546,derived,psa_openstat_qna_gdp_growth_0062B5BPRQ2_2026-08-02.csv
2022Q1,underemployment_change_qoq,-1.207,derived,psa_openstat_lfs_underemployment_0021B3FKEI2_2026-08-02_part1.csv
2022Q1,underemployment_rate,14.866,observed,psa_openstat_lfs_underemployment_0021B3FKEI2_2026-08-02_part1.csv
2022Q1,unemployment_rate,6.388,observed,psa_openstat_lfs_underemployment_0021B3FKEI2_2026-08-02_part1.csv
2022Q1,employment_rate,93.612,observed,psa_openstat_lfs_underemployment_0021B3FKEI2_2026-08-02_part1.csv
2022Q1,lfpr,60.535,observed,psa_openstat_lfs_underemployment_0021B3FKEI2_2026-08-02_part1.csv
2022Q1,underemployment_change_yoy,-1.107,derived,psa_openstat_lfs_underemployment_0021B3FKEI2_2026-08-02_part1.csv
2022Q1,gdp_growth_yoy,8.1,observed,psa_openstat_qna_gdp_growth_0062B5BPRQ2_2026-08-02.csv
2022Q1,gdp_growth_yoy_accel,0.2,derived,psa_openstat_qna_gdp_growth_0062B5BPRQ2_2026-08-02.csv
2022Q1,gdp_level,4.61122e+06,observed,psa_openstat_qna_gdp_levels_0052B5BPRQ1_2026-08-02.csv
2022Q1,gdp_growth_qoq,-11.405,derived,psa_openstat_qna_gdp_levels_0052B5BPRQ1_2026-08-02.csv
2022Q1,cpi_index,112,derived,psa_openstat_cpi_index_2018_2025_0012M4ACP09_2026-08-02.csv
2022Q1,inflation_yoy,3.3528,derived,psa_openstat_cpi_index_2018_2025_0012M4ACP09_2026-08-02.csv
2022Q1,inflation_yoy_accel,-0.2231,derived,psa_openstat_cpi_index_2018_2025_0012M4ACP09_2026-08-02.csv
2022Q1,growth_employment_gap,6.993,derived,psa_openstat_qna_gdp_growth_0062B5BPRQ2_2026-08-02.csv
2022Q2,underemployment_change_qoq,-0.843,derived,psa_openstat_lfs_underemployment_0021B3FKEI2_2026-08-02_part1.csv
2022Q2,underemployment_rate,14.023,observed,psa_openstat_lfs_underemployment_0021B3FKEI2_2026-08-02_part1.csv
2022Q2,unemployment_rate,5.71,observed,psa_openstat_lfs_underemployment_0021B3FKEI2_2026-08-02_part1.csv
2022Q2,employment_rate,94.29,observed,psa_openstat_lfs_underemployment_0021B3FKEI2_2026-08-02_part1.csv
2022Q2,lfpr,63.364,observed,psa_openstat_lfs_underemployment_0021B3FKEI2_2026-08-02_part1.csv
2022Q2,underemployment_change_yoy,-3.201,derived,psa_openstat_lfs_underemployment_0021B3FKEI2_2026-08-02_part1.csv
2022Q2,gdp_growth_yoy,7.5,observed,psa_openstat_qna_gdp_growth_0062B5BPRQ2_2026-08-02.csv
2022Q2,gdp_growth_yoy_accel,-0.6,derived,psa_openstat_qna_gdp_growth_0062B5BPRQ2_2026-08-02.csv
2022Q2,gdp_level,4.99093e+06,observed,psa_openstat_qna_gdp_levels_0052B5BPRQ1_2026-08-02.csv
2022Q2,gdp_growth_qoq,8.2346,derived,psa_openstat_qna_gdp_levels_0052B5BPRQ1_2026-08-02.csv
2022Q2,cpi_index,114.067,derived,psa_openstat_cpi_index_2018_2025_0012M4ACP09_2026-08-02.csv
2022Q2,inflation_yoy,5.4545,derived,psa_openstat_cpi_index_2018_2025_0012M4ACP09_2026-08-02.csv
2022Q2,inflation_yoy_accel,2.1017,derived,psa_openstat_cpi_index_2018_2025_0012M4ACP09_2026-08-02.csv
2022Q2,growth_employment_gap,4.299,derived,psa_openstat_qna_gdp_growth_0062B5BPRQ2_2026-08-02.csv
2022Q3,underemployment_change_qoq,-0.217,derived,psa_openstat_lfs_underemployment_0021B3FKEI2_2026-08-02_part1.csv
2022Q3,underemployment_rate,13.806,observed,psa_openstat_lfs_underemployment_0021B3FKEI2_2026-08-02_part1.csv
2022Q3,unemployment_rate,5.205,observed,psa_openstat_lfs_underemployment_0021B3FKEI2_2026-08-02_part1.csv
2022Q3,employment_rate,94.795,observed,psa_openstat_lfs_underemployment_0021B3FKEI2_2026-08-02_part1.csv
2022Q3,lfpr,65.232,observed,psa_openstat_lfs_underemployment_0021B3FKEI2_2026-08-02_part1.csv
2022Q3,underemployment_change_yoy,-7.237,derived,psa_openstat_lfs_underemployment_0021B3FKEI2_2026-08-02_part1.csv
2022Q3,gdp_growth_yoy,7.7,observed,psa_openstat_qna_gdp_growth_0062B5BPRQ2_2026-08-02.csv
2022Q3,gdp_growth_yoy_accel,0.2,derived,psa_openstat_qna_gdp_growth_0062B5BPRQ2_2026-08-02.csv
2022Q3,gdp_level,4.76755e+06,observed,psa_openstat_qna_gdp_levels_0052B5BPRQ1_2026-08-02.csv
2022Q3,gdp_growth_qoq,-4.4758,derived,psa_openstat_qna_gdp_levels_0052B5BPRQ1_2026-08-02.csv
2022Q3,cpi_index,116.3,derived,psa_openstat_cpi_index_2018_2025_0012M4ACP09_2026-08-02.csv
2022Q3,inflation_yoy,6.5344,derived,psa_openstat_cpi_index_2018_2025_0012M4ACP09_2026-08-02.csv
2022Q3,inflation_yoy_accel,1.0798,derived,psa_openstat_cpi_index_2018_2025_0012M4ACP09_2026-08-02.csv
2022Q3,growth_employment_gap,0.463,derived,psa_openstat_qna_gdp_growth_0062B5BPRQ2_2026-08-02.csv
2022Q4,underemployment_change_qoq,0.356,derived,psa_openstat_lfs_underemployment_0021B3FKEI2_2026-08-02_part1.csv
2022Q4,underemployment_rate,14.162,observed,psa_openstat_lfs_underemployment_0021B3FKEI2_2026-08-02_part1.csv
2022Q4,unemployment_rate,4.543,observed,psa_openstat_lfs_underemployment_0021B3FKEI2_2026-08-02_part1.csv
2022Q4,employment_rate,95.457,observed,psa_openstat_lfs_underemployment_0021B3FKEI2_2026-08-02_part1.csv
2022Q4,lfpr,64.14,observed,psa_openstat_lfs_underemployment_0021B3FKEI2_2026-08-02_part1.csv
2022Q4,underemployment_change_yoy,-1.911,derived,psa_openstat_lfs_underemployment_0021B3FKEI2_2026-08-02_part1.csv
2022Q4,gdp_growth_yoy,7.1,observed,psa_openstat_qna_gdp_growth_0062B5BPRQ2_2026-08-02.csv
2022Q4,gdp_growth_yoy_accel,-0.6,derived,psa_openstat_qna_gdp_growth_0062B5BPRQ2_2026-08-02.csv
2022Q4,gdp_level,5.5759e+06,observed,psa_openstat_qna_gdp_levels_0052B5BPRQ1_2026-08-02.csv
2022Q4,gdp_growth_qoq,16.9553,derived,psa_openstat_qna_gdp_levels_0052B5BPRQ1_2026-08-02.csv
2022Q4,cpi_index,118.767,derived,psa_openstat_cpi_index_2018_2025_0012M4ACP09_2026-08-02.csv
2022Q4,inflation_yoy,7.9043,derived,psa_openstat_cpi_index_2018_2025_0012M4ACP09_2026-08-02.csv
2022Q4,inflation_yoy_accel,1.3699,derived,psa_openstat_cpi_index_2018_2025_0012M4ACP09_2026-08-02.csv
2022Q4,growth_employment_gap,5.189,derived,psa_openstat_qna_gdp_growth_0062B5BPRQ2_2026-08-02.csv
2023Q1,underemployment_change_qoq,-0.109,derived,psa_openstat_lfs_underemployment_0021B3FKEI2_2026-08-02_part1.csv
2023Q1,underemployment_rate,14.053,observed,psa_openstat_lfs_underemployment_0021B3FKEI2_2026-08-02_part1.csv
2023Q1,unemployment_rate,4.782,observed,psa_openstat_lfs_underemployment_0021B3FKEI2_2026-08-02_part1.csv
2023Q1,employment_rate,95.218,observed,psa_openstat_lfs_underemployment_0021B3FKEI2_2026-08-02_part1.csv
2023Q1,lfpr,64.497,observed,psa_openstat_lfs_underemployment_0021B3FKEI2_2026-08-02_part1.csv
2023Q1,underemployment_change_yoy,-0.813,derived,psa_openstat_lfs_underemployment_0021B3FKEI2_2026-08-02_part1.csv
2023Q1,gdp_growth_yoy,6.4,observed,psa_openstat_qna_gdp_growth_0062B5BPRQ2_2026-08-02.csv
2023Q1,gdp_growth_yoy_accel,-0.7,derived,psa_openstat_qna_gdp_growth_0062B5BPRQ2_2026-08-02.csv
2023Q1,gdp_level,4.90701e+06,observed,psa_openstat_qna_gdp_levels_0052B5BPRQ1_2026-08-02.csv
2023Q1,gdp_growth_qoq,-11.9961,derived,psa_openstat_qna_gdp_levels_0052B5BPRQ1_2026-08-02.csv
2023Q1,cpi_index,121.3,derived,psa_openstat_cpi_index_2018_2025_0012M4ACP09_2026-08-02.csv
2023Q1,inflation_yoy,8.3036,derived,psa_openstat_cpi_index_2018_2025_0012M4ACP09_2026-08-02.csv
2023Q1,inflation_yoy_accel,0.3993,derived,psa_openstat_cpi_index_2018_2025_0012M4ACP09_2026-08-02.csv
2023Q1,growth_employment_gap,5.587,derived,psa_openstat_qna_gdp_growth_0062B5BPRQ2_2026-08-02.csv
2023Q2,underemployment_change_qoq,-1.144,derived,psa_openstat_lfs_underemployment_0021B3FKEI2_2026-08-02_part1.csv
2023Q2,underemployment_rate,12.909,observed,psa_openstat_lfs_underemployment_0021B3FKEI2_2026-08-02_part1.csv
2023Q2,unemployment_rate,4.484,observed,psa_openstat_lfs_underemployment_0021B3FKEI2_2026-08-02_part1.csv
2023Q2,employment_rate,95.516,observed,psa_openstat_lfs_underemployment_0021B3FKEI2_2026-08-02_part1.csv
2023Q2,lfpr,65.123,observed,psa_openstat_lfs_underemployment_0021B3FKEI2_2026-08-02_part1.csv
2023Q2,underemployment_change_yoy,-1.114,derived,psa_openstat_lfs_underemployment_0021B3FKEI2_2026-08-02_part1.csv
2023Q2,gdp_growth_yoy,4.3,observed,psa_openstat_qna_gdp_growth_0062B5BPRQ2_2026-08-02.csv
2023Q2,gdp_growth_yoy_accel,-2.1,derived,psa_openstat_qna_gdp_growth_0062B5BPRQ2_2026-08-02.csv
2023Q2,gdp_level,5.20346e+06,observed,psa_openstat_qna_gdp_levels_0052B5BPRQ1_2026-08-02.csv
2023Q2,gdp_growth_qoq,6.0412,derived,psa_openstat_qna_gdp_levels_0052B5BPRQ1_2026-08-02.csv
2023Q2,cpi_index,120.967,derived,psa_openstat_cpi_index_2018_2025_0012M4ACP09_2026-08-02.csv
2023Q2,inflation_yoy,6.0491,derived,psa_openstat_cpi_index_2018_2025_0012M4ACP09_2026-08-02.csv
2023Q2,inflation_yoy_accel,-2.2545,derived,psa_openstat_cpi_index_2018_2025_0012M4ACP09_2026-08-02.csv
2023Q2,growth_employment_gap,3.186,derived,psa_openstat_qna_gdp_growth_0062B5BPRQ2_2026-08-02.csv
2023Q3,underemployment_change_qoq,2.956,derived,psa_openstat_lfs_underemployment_0021B3FKEI2_2026-08-02_part1.csv
2023Q3,underemployment_rate,15.865,observed,psa_openstat_lfs_underemployment_0021B3FKEI2_2026-08-02_part1.csv
2023Q3,unemployment_rate,4.886,observed,psa_openstat_lfs_underemployment_0021B3FKEI2_2026-08-02_part1.csv
2023Q3,employment_rate,95.114,observed,psa_openstat_lfs_underemployment_0021B3FKEI2_2026-08-02_part1.csv
2023Q3,lfpr,60.035,observed,psa_openstat_lfs_underemployment_0021B3FKEI2_2026-08-02_part1.csv
2023Q3,underemployment_change_yoy,2.059,derived,psa_openstat_lfs_underemployment_0021B3FKEI2_2026-08-02_part1.csv
2023Q3,gdp_growth_yoy,6,observed,psa_openstat_qna_gdp_growth_0062B5BPRQ2_2026-08-02.csv
2023Q3,gdp_growth_yoy_accel,1.7,derived,psa_openstat_qna_gdp_growth_0062B5BPRQ2_2026-08-02.csv
2023Q3,gdp_level,5.0514e+06,observed,psa_openstat_qna_gdp_levels_0052B5BPRQ1_2026-08-02.csv
2023Q3,gdp_growth_qoq,-2.9223,derived,psa_openstat_qna_gdp_levels_0052B5BPRQ1_2026-08-02.csv
2023Q3,cpi_index,122.533,derived,psa_openstat_cpi_index_2018_2025_0012M4ACP09_2026-08-02.csv
2023Q3,inflation_yoy,5.3597,derived,psa_openstat_cpi_index_2018_2025_0012M4ACP09_2026-08-02.csv
2023Q3,inflation_yoy_accel,-0.6894,derived,psa_openstat_cpi_index_2018_2025_0012M4ACP09_2026-08-02.csv
2023Q3,growth_employment_gap,8.059,derived,psa_openstat_qna_gdp_growth_0062B5BPRQ2_2026-08-02.csv
2023Q4,underemployment_change_qoq,-4.153,derived,psa_openstat_lfs_underemployment_0021B3FKEI2_2026-08-02_part1.csv
2023Q4,underemployment_rate,11.712,observed,psa_openstat_lfs_underemployment_0021B3FKEI2_2026-08-02_part1.csv
2023Q4,unemployment_rate,4.189,observed,psa_openstat_lfs_underemployment_0021B3FKEI2_2026-08-02_part1.csv
2023Q4,employment_rate,95.811,observed,psa_openstat_lfs_underemployment_0021B3FKEI2_2026-08-02_part1.csv
2023Q4,lfpr,63.946,observed,psa_openstat_lfs_underemployment_0021B3FKEI2_2026-08-02_part1.csv
2023Q4,underemployment_change_yoy,-2.45,derived,psa_openstat_lfs_underemployment_0021B3FKEI2_2026-08-02_part1.csv
2023Q4,gdp_growth_yoy,5.5,observed,psa_openstat_qna_gdp_growth_0062B5BPRQ2_2026-08-02.csv
2023Q4,gdp_growth_yoy_accel,-0.5,derived,psa_openstat_qna_gdp_growth_0062B5BPRQ2_2026-08-02.csv
2023Q4,gdp_level,5.88453e+06,observed,psa_openstat_qna_gdp_levels_0052B5BPRQ1_2026-08-02.csv
2023Q4,gdp_growth_qoq,16.4931,derived,psa_openstat_qna_gdp_levels_0052B5BPRQ1_2026-08-02.csv
2023Q4,cpi_index,123.9,derived,psa_openstat_cpi_index_2018_2025_0012M4ACP09_2026-08-02.csv
2023Q4,inflation_yoy,4.3222,derived,psa_openstat_cpi_index_2018_2025_0012M4ACP09_2026-08-02.csv
2023Q4,inflation_yoy_accel,-1.0375,derived,psa_openstat_cpi_index_2018_2025_0012M4ACP09_2026-08-02.csv
2023Q4,growth_employment_gap,3.05,derived,psa_openstat_qna_gdp_growth_0062B5BPRQ2_2026-08-02.csv
2024Q1,underemployment_change_qoq,2.005,derived,psa_openstat_lfs_underemployment_0021B3FKEI2_2026-08-02_part1.csv
2024Q1,underemployment_rate,13.717,observed,psa_openstat_lfs_underemployment_0021B3FKEI2_2026-08-02_part1.csv
2024Q1,unemployment_rate,4.489,observed,psa_openstat_lfs_underemployment_0021B3FKEI2_2026-08-02_part1.csv
2024Q1,employment_rate,95.511,observed,psa_openstat_lfs_underemployment_0021B3FKEI2_2026-08-02_part1.csv
2024Q1,lfpr,61.119,observed,psa_openstat_lfs_underemployment_0021B3FKEI2_2026-08-02_part1.csv
2024Q1,underemployment_change_yoy,-0.336,derived,psa_openstat_lfs_underemployment_0021B3FKEI2_2026-08-02_part1.csv
2024Q1,gdp_growth_yoy,5.9,observed,psa_openstat_qna_gdp_growth_0062B5BPRQ2_2026-08-02.csv
2024Q1,gdp_growth_yoy_accel,0.4,derived,psa_openstat_qna_gdp_growth_0062B5BPRQ2_2026-08-02.csv
2024Q1,gdp_level,5.19679e+06,observed,psa_openstat_qna_gdp_levels_0052B5BPRQ1_2026-08-02.csv
2024Q1,gdp_growth_qoq,-11.6873,derived,psa_openstat_qna_gdp_levels_0052B5BPRQ1_2026-08-02.csv
2024Q1,cpi_index,125.3,derived,psa_openstat_cpi_index_2018_2025_0012M4ACP09_2026-08-02.csv
2024Q1,inflation_yoy,3.2976,derived,psa_openstat_cpi_index_2018_2025_0012M4ACP09_2026-08-02.csv
2024Q1,inflation_yoy_accel,-1.0246,derived,psa_openstat_cpi_index_2018_2025_0012M4ACP09_2026-08-02.csv
2024Q1,growth_employment_gap,5.564,derived,psa_openstat_qna_gdp_growth_0062B5BPRQ2_2026-08-02.csv
2024Q2,underemployment_change_qoq,0.836,derived,psa_openstat_lfs_underemployment_0021B3FKEI2_2026-08-02_part1.csv
2024Q2,underemployment_rate,14.553,observed,psa_openstat_lfs_underemployment_0021B3FKEI2_2026-08-02_part1.csv
2024Q2,unemployment_rate,4.05,observed,psa_openstat_lfs_underemployment_0021B3FKEI2_2026-08-02_part1.csv
2024Q2,employment_rate,95.95,observed,psa_openstat_lfs_underemployment_0021B3FKEI2_2026-08-02_part1.csv
2024Q2,lfpr,64.102,observed,psa_openstat_lfs_underemployment_0021B3FKEI2_2026-08-02_part1.csv
2024Q2,underemployment_change_yoy,1.644,derived,psa_openstat_lfs_underemployment_0021B3FKEI2_2026-08-02_part1.csv
2024Q2,gdp_growth_yoy,6.5,observed,psa_openstat_qna_gdp_growth_0062B5BPRQ2_2026-08-02.csv
2024Q2,gdp_growth_yoy_accel,0.6,derived,psa_openstat_qna_gdp_growth_0062B5BPRQ2_2026-08-02.csv
2024Q2,gdp_level,5.54017e+06,observed,psa_openstat_qna_gdp_levels_0052B5BPRQ1_2026-08-02.csv
2024Q2,gdp_growth_qoq,6.6076,derived,psa_openstat_qna_gdp_levels_0052B5BPRQ1_2026-08-02.csv
2024Q2,cpi_index,125.567,derived,psa_openstat_cpi_index_2018_2025_0012M4ACP09_2026-08-02.csv
2024Q2,inflation_yoy,3.8027,derived,psa_openstat_cpi_index_2018_2025_0012M4ACP09_2026-08-02.csv
2024Q2,inflation_yoy_accel,0.5051,derived,psa_openstat_cpi_index_2018_2025_0012M4ACP09_2026-08-02.csv
2024Q2,growth_employment_gap,8.144,derived,psa_openstat_qna_gdp_growth_0062B5BPRQ2_2026-08-02.csv
2024Q3,underemployment_change_qoq,-2.446,derived,psa_openstat_lfs_underemployment_0021B3FKEI2_2026-08-02_part1.csv
2024Q3,underemployment_rate,12.107,observed,psa_openstat_lfs_underemployment_0021B3FKEI2_2026-08-02_part1.csv
2024Q3,unemployment_rate,4.745,observed,psa_openstat_lfs_underemployment_0021B3FKEI2_2026-08-02_part1.csv
2024Q3,employment_rate,95.255,observed,psa_openstat_lfs_underemployment_0021B3FKEI2_2026-08-02_part1.csv
2024Q3,lfpr,63.451,observed,psa_openstat_lfs_underemployment_0021B3FKEI2_2026-08-02_part1.csv
2024Q3,underemployment_change_yoy,-3.758,derived,psa_openstat_lfs_underemployment_0021B3FKEI2_2026-08-02_part1.csv
2024Q3,gdp_growth_yoy,5.3,observed,psa_openstat_qna_gdp_growth_0062B5BPRQ2_2026-08-02.csv
2024Q3,gdp_growth_yoy_accel,-1.2,derived,psa_openstat_qna_gdp_growth_0062B5BPRQ2_2026-08-02.csv
2024Q3,gdp_level,5.31674e+06,observed,psa_openstat_qna_gdp_levels_0052B5BPRQ1_2026-08-02.csv
2024Q3,gdp_growth_qoq,-4.033,derived,psa_openstat_qna_gdp_levels_0052B5BPRQ1_2026-08-02.csv
2024Q3,cpi_index,126.467,derived,psa_openstat_cpi_index_2018_2025_0012M4ACP09_2026-08-02.csv
2024Q3,inflation_yoy,3.21,derived,psa_openstat_cpi_index_2018_2025_0012M4ACP09_2026-08-02.csv
2024Q3,inflation_yoy_accel,-0.5927,derived,psa_openstat_cpi_index_2018_2025_0012M4ACP09_2026-08-02.csv
2024Q3,growth_employment_gap,1.542,derived,psa_openstat_qna_gdp_growth_0062B5BPRQ2_2026-08-02.csv
2024Q4,underemployment_change_qoq,0.525,derived,psa_openstat_lfs_underemployment_0021B3FKEI2_2026-08-02_part1.csv
2024Q4,underemployment_rate,12.632,observed,psa_openstat_lfs_underemployment_0021B3FKEI2_2026-08-02_part1.csv
2024Q4,unemployment_rate,3.922,observed,psa_openstat_lfs_underemployment_0021B3FKEI2_2026-08-02_part1.csv
2024Q4,employment_rate,96.078,observed,psa_openstat_lfs_underemployment_0021B3FKEI2_2026-08-02_part1.csv
2024Q4,lfpr,63.27,observed,psa_openstat_lfs_underemployment_0021B3FKEI2_2026-08-02_part1.csv
2024Q4,underemployment_change_yoy,0.92,derived,psa_openstat_lfs_underemployment_0021B3FKEI2_2026-08-02_part1.csv
2024Q4,gdp_growth_yoy,5.3,observed,psa_openstat_qna_gdp_growth_0062B5BPRQ2_2026-08-02.csv
2024Q4,gdp_growth_yoy_accel,0,derived,psa_openstat_qna_gdp_growth_0062B5BPRQ2_2026-08-02.csv
2024Q4,gdp_level,6.19544e+06,observed,psa_openstat_qna_gdp_levels_0052B5BPRQ1_2026-08-02.csv
2024Q4,gdp_growth_qoq,16.5271,derived,psa_openstat_qna_gdp_levels_0052B5BPRQ1_2026-08-02.csv
2024Q4,cpi_index,127.067,derived,psa_openstat_cpi_index_2018_2025_0012M4ACP09_2026-08-02.csv
2024Q4,inflation_yoy,2.5558,derived,psa_openstat_cpi_index_2018_2025_0012M4ACP09_2026-08-02.csv
2024Q4,inflation_yoy_accel,-0.6542,derived,psa_openstat_cpi_index_2018_2025_0012M4ACP09_2026-08-02.csv
2024Q4,growth_employment_gap,6.22,derived,psa_openstat_qna_gdp_growth_0062B5BPRQ2_2026-08-02.csv
2025Q1,underemployment_change_qoq,0.711,derived,psa_openstat_lfs_underemployment_0021B3FKEI2_2026-08-02_part1.csv
2025Q1,underemployment_rate,13.343,observed,psa_openstat_lfs_underemployment_0021B3FKEI2_2026-08-02_part1.csv
2025Q1,unemployment_rate,4.275,observed,psa_openstat_lfs_underemployment_0021B3FKEI2_2026-08-02_part1.csv
2025Q1,employment_rate,95.725,observed,psa_openstat_lfs_underemployment_0021B3FKEI2_2026-08-02_part1.csv
2025Q1,lfpr,63.861,observed,psa_openstat_lfs_underemployment_0021B3FKEI2_2026-08-02_part1.csv
2025Q1,underemployment_change_yoy,-0.374,derived,psa_openstat_lfs_underemployment_0021B3FKEI2_2026-08-02_part1.csv
2025Q1,gdp_growth_yoy,5.4,observed,psa_openstat_qna_gdp_growth_0062B5BPRQ2_2026-08-02.csv
2025Q1,gdp_growth_yoy_accel,0.1,derived,psa_openstat_qna_gdp_growth_0062B5BPRQ2_2026-08-02.csv
2025Q1,gdp_level,5.47593e+06,observed,psa_openstat_qna_gdp_levels_0052B5BPRQ1_2026-08-02.csv
2025Q1,gdp_growth_qoq,-11.6136,derived,psa_openstat_qna_gdp_levels_0052B5BPRQ1_2026-08-02.csv
2025Q1,cpi_index,128.1,derived,psa_openstat_cpi_index_2018_2025_0012M4ACP09_2026-08-02.csv
2025Q1,inflation_yoy,2.2346,derived,psa_openstat_cpi_index_2018_2025_0012M4ACP09_2026-08-02.csv
2025Q1,inflation_yoy_accel,-0.3212,derived,psa_openstat_cpi_index_2018_2025_0012M4ACP09_2026-08-02.csv
2025Q1,growth_employment_gap,5.026,derived,psa_openstat_qna_gdp_growth_0062B5BPRQ2_2026-08-02.csv
2025Q2,underemployment_change_qoq,1.226,derived,psa_openstat_lfs_underemployment_0021B3FKEI2_2026-08-02_part1.csv
2025Q2,underemployment_rate,14.569,observed,psa_openstat_lfs_underemployment_0021B3FKEI2_2026-08-02_part1.csv
2025Q2,unemployment_rate,4.067,observed,psa_openstat_lfs_underemployment_0021B3FKEI2_2026-08-02_part1.csv
2025Q2,employment_rate,95.933,observed,psa_openstat_lfs_underemployment_0021B3FKEI2_2026-08-02_part1.csv
2025Q2,lfpr,63.744,observed,psa_openstat_lfs_underemployment_0021B3FKEI2_2026-08-02_part1.csv
2025Q2,underemployment_change_yoy,0.016,derived,psa_openstat_lfs_underemployment_0021B3FKEI2_2026-08-02_part1.csv
2025Q2,gdp_growth_yoy,5.4,observed,psa_openstat_qna_gdp_growth_0062B5BPRQ2_2026-08-02.csv
2025Q2,gdp_growth_yoy_accel,0,derived,psa_openstat_qna_gdp_growth_0062B5BPRQ2_2026-08-02.csv
2025Q2,gdp_level,5.84178e+06,observed,psa_openstat_qna_gdp_levels_0052B5BPRQ1_2026-08-02.csv
2025Q2,gdp_growth_qoq,6.6812,derived,psa_openstat_qna_gdp_levels_0052B5BPRQ1_2026-08-02.csv
2025Q2,cpi_index,127.267,derived,psa_openstat_cpi_index_2018_2025_0012M4ACP09_2026-08-02.csv
2025Q2,inflation_yoy,1.3539,derived,psa_openstat_cpi_index_2018_2025_0012M4ACP09_2026-08-02.csv
2025Q2,inflation_yoy_accel,-0.8808,derived,psa_openstat_cpi_index_2018_2025_0012M4ACP09_2026-08-02.csv
2025Q2,growth_employment_gap,5.416,derived,psa_openstat_qna_gdp_growth_0062B5BPRQ2_2026-08-02.csv
2025Q3,underemployment_change_qoq,0.205,derived,psa_openstat_lfs_underemployment_0021B3FKEI2_2026-08-02_part1.csv
2025Q3,underemployment_rate,14.774,observed,psa_openstat_lfs_underemployment_0021B3FKEI2_2026-08-02_part1.csv
2025Q3,unemployment_rate,5.332,observed,psa_openstat_lfs_underemployment_0021B3FKEI2_2026-08-02_part1.csv
2025Q3,employment_rate,94.668,observed,psa_openstat_lfs_underemployment_0021B3FKEI2_2026-08-02_part1.csv
2025Q3,lfpr,60.733,observed,psa_openstat_lfs_underemployment_0021B3FKEI2_2026-08-02_part1.csv
2025Q3,underemployment_change_yoy,2.667,derived,psa_openstat_lfs_underemployment_0021B3FKEI2_2026-08-02_part1.csv
2025Q3,gdp_growth_yoy,4,observed,psa_openstat_qna_gdp_growth_0062B5BPRQ2_2026-08-02.csv
2025Q3,gdp_growth_yoy_accel,-1.4,derived,psa_openstat_qna_gdp_growth_0062B5BPRQ2_2026-08-02.csv
2025Q3,gdp_level,5.52867e+06,observed,psa_openstat_qna_gdp_levels_0052B5BPRQ1_2026-08-02.csv
2025Q3,gdp_growth_qoq,-5.3599,derived,psa_openstat_qna_gdp_levels_0052B5BPRQ1_2026-08-02.csv
2025Q3,cpi_index,128.233,derived,psa_openstat_cpi_index_2018_2025_0012M4ACP09_2026-08-02.csv
2025Q3,inflation_yoy,1.3969,derived,psa_openstat_cpi_index_2018_2025_0012M4ACP09_2026-08-02.csv
2025Q3,inflation_yoy_accel,0.0431,derived,psa_openstat_cpi_index_2018_2025_0012M4ACP09_2026-08-02.csv
2025Q3,growth_employment_gap,6.667,derived,psa_openstat_qna_gdp_growth_0062B5BPRQ2_2026-08-02.csv
2025Q4,underemployment_change_qoq,-2.823,derived,psa_openstat_lfs_underemployment_0021B3FKEI2_2026-08-02_part1.csv
2025Q4,underemployment_rate,11.951,observed,psa_openstat_lfs_underemployment_0021B3FKEI2_2026-08-02_part1.csv
2025Q4,unemployment_rate,4.969,observed,psa_openstat_lfs_underemployment_0021B3FKEI2_2026-08-02_part1.csv
2025Q4,employment_rate,95.031,observed,psa_openstat_lfs_underemployment_0021B3FKEI2_2026-08-02_part1.csv
2025Q4,lfpr,63.561,observed,psa_openstat_lfs_underemployment_0021B3FKEI2_2026-08-02_part1.csv
2025Q4,underemployment_change_yoy,-0.681,derived,psa_openstat_lfs_underemployment_0021B3FKEI2_2026-08-02_part1.csv
2025Q4,gdp_growth_yoy,3,observed,psa_openstat_qna_gdp_growth_0062B5BPRQ2_2026-08-02.csv
2025Q4,gdp_growth_yoy_accel,-1,derived,psa_openstat_qna_gdp_growth_0062B5BPRQ2_2026-08-02.csv
2025Q4,gdp_level,6.38226e+06,observed,psa_openstat_qna_gdp_levels_0052B5BPRQ1_2026-08-02.csv
2025Q4,gdp_growth_qoq,15.4393,derived,psa_openstat_qna_gdp_levels_0052B5BPRQ1_2026-08-02.csv
2025Q4,cpi_index,129.167,derived,psa_openstat_cpi_index_2018_2025_0012M4ACP09_2026-08-02.csv
2025Q4,inflation_yoy,1.6527,derived,psa_openstat_cpi_index_2018_2025_0012M4ACP09_2026-08-02.csv
2025Q4,inflation_yoy_accel,0.2557,derived,psa_openstat_cpi_index_2018_2025_0012M4ACP09_2026-08-02.csv
2025Q4,growth_employment_gap,2.319,derived,psa_openstat_qna_gdp_growth_0062B5BPRQ2_2026-08-02.csv
